EIK;Eik Fasteignaf√©lag;realestate;
Date;Bid;Ask;Opening price;High price;Low price;Closing price;Average price;Total volume;Turnover;Trades;
2020-11-13;8,32;8,42;8,35;8,36;8,35;8,36;8,356;3500000;29245000;2;
2020-11-12;8,37;8,47;8,65;8,65;8,37;8,37;8,526;15340111;130786229,07;12;
2020-11-11;8,59;8,70;8,845;8,85;8,62;8,62;8,748;9524772;83317993,6;9;
2020-11-10;8,80;8,90;8,49;8,85;8,49;8,80;8,679;28206455;244811104,6;35;
2020-11-09;8,30;8,40;7,71;8,42;7,71;8,35;8,154;28305321;230794944,67;21;
2020-11-06;7,57;7,65;7,50;7,67;7,50;7,62;7,597;25893282;196713796,92;13;
2020-11-05;7,40;7,51;7,315;7,46;7,315;7,455;7,409;13675000;101311250;9;
2020-11-04;7,26;7,36;7,26;7,26;7,26;7,26;7,26;5007500;36354450;2;
2020-11-03;7,27;7,32;7,28;7,28;7,27;7,27;7,271;7000000;50900000;2;
2020-11-02;7,27;7,34;7,27;7,27;7,27;7,27;7,27;6000;43620;1;
2020-10-30;7,25;7,32;7,40;7,42;7,27;7,27;7,353;20000000;147050000;13;
2020-10-29;7,40;7,48;7,40;7,40;7,40;7,40;7,40;1500000;11100000;1;
2020-10-28;7,30;7,36;7,41;7,41;7,30;7,30;7,37;9627700;70950210;7;
2020-10-27;7,50;7,59;;;;7,53;;;;0;
2020-10-26;7,49;7,59;7,58;7,60;7,53;7,53;7,555;3022500;22836179;4;
2020-10-23;7,58;7,69;7,65;7,65;7,65;7,65;7,65;3566000;27279900;4;
2020-10-22;7,58;7,67;7,65;7,65;7,64;7,65;7,645;3026000;23133900;3;
2020-10-21;7,64;7,70;7,66;7,70;7,64;7,64;7,682;7670000;58919500;6;
2020-10-20;7,57;7,62;7,55;7,62;7,54;7,615;7,606;24014100;182657442;8;
2020-10-19;7,47;7,51;7,41;7,51;7,40;7,51;7,44;12730000;94707300;9;
2020-10-16;7,42;7,52;7,45;7,62;7,45;7,47;7,529;35578400;267855779;21;
2020-10-15;7,34;7,45;7,46;7,46;7,35;7,41;7,412;16189117;119986802,56;9;
2020-10-14;7,39;7,50;7,20;7,43;7,20;7,42;7,351;12513088;91764233,6;9;
2020-10-13;7,20;7,30;7,23;7,24;7,23;7,24;7,235;3000000;21705000;2;
2020-10-12;7,14;7,23;7,16;7,16;7,14;7,14;7,159;1292074;9250408,36;2;
2020-10-09;7,14;7,23;7,17;7,18;7,17;7,18;7,176;3500000;25115000;2;
2020-10-08;7,08;7,16;7,08;7,12;7,08;7,12;7,095;2645005;18767435,6;4;
2020-10-07;6,98;7,07;6,96;7,01;6,96;7,01;6,99;4500000;31455000;3;
2020-10-06;6,96;6,98;6,96;6,96;6,96;6,96;6,96;80000;556800;1;
2020-10-05;7,03;7,08;7,08;7,08;7,03;7,03;7,06;2500000;17650000;4;
2020-10-02;7,12;7,22;7,07;7,16;7,07;7,155;7,144;31500000;225042500;6;
2020-10-01;7,15;7,23;7,24;7,24;7,15;7,15;7,217;8100000;58455000;4;
2020-09-30;7,18;7,27;;;;7,23;;;;0;
2020-09-29;7,19;7,25;7,22;7,25;7,19;7,23;7,232;14662517;106040497,23;9;
2020-09-28;7,12;7,22;7,15;7,15;7,15;7,15;7,15;6512000;46560800;3;
2020-09-25;7,03;7,12;7,03;7,06;6,94;7,04;7,031;14305588;100591227,76;10;
2020-09-24;7,07;7,15;7,10;7,10;7,07;7,07;7,083;4513000;31966780;4;
2020-09-23;7,12;7,20;7,36;7,365;7,18;7,20;7,273;21500000;156375000;10;
2020-09-22;7,21;7,30;7,15;7,30;7,12;7,27;7,206;17800000;128271000;8;
2020-09-21;7,15;7,22;7,10;7,21;7,10;7,20;7,171;8529794;61165820,8;10;
2020-09-18;7,30;7,37;7,61;7,61;7,34;7,34;7,462;13070000;97531700;15;
2020-09-17;7,38;7,50;7,08;7,54;7,08;7,45;7,287;23707263;172758842,53;16;
2020-09-16;7,10;7,16;7,16;7,16;7,06;7,16;7,099;3185961;22615490,66;7;
2020-09-15;7,06;7,16;;;;7,12;;;;0;
2020-09-14;7,06;7,16;7,25;7,25;7,12;7,12;7,158;5300000;37939000;6;
2020-09-11;7,22;7,30;7,09;7,32;7,09;7,30;7,243;23450250;169852785;19;
2020-09-10;7,08;7,11;6,93;7,15;6,93;7,08;7,062;17913750;126525617,5;17;
2020-09-09;6,83;6,91;6,64;6,92;6,64;6,92;6,747;11051900;74573110;9;
2020-09-08;6,65;6,70;6,67;6,68;6,65;6,65;6,674;12635000;84326700;8;
2020-09-07;6,60;6,63;6,57;6,63;6,57;6,63;6,613;417900;2763603;3;
2020-09-04;6,48;6,57;6,74;6,78;6,57;6,57;6,636;6825000;45287500;8;
2020-09-03;6,74;6,80;6,64;6,84;6,64;6,74;6,707;10503500;70546100;12;
2020-09-02;6,62;6,70;6,35;6,64;6,35;6,64;6,483;18765000;121653100;14;
2020-09-01;6,26;6,34;6,30;6,30;6,30;6,30;6,30;5000000;31500000;1;
2020-08-31;6,30;6,34;;;;6,30;;;;0;
2020-08-28;6,26;6,30;6,18;6,30;6,18;6,30;6,243;9700000;60560449,98;12;
2020-08-27;5,82;5,90;5,82;5,90;5,70;5,90;5,778;17850000;103141000;17;
2020-08-26;5,76;5,82;5,80;5,80;5,80;5,80;5,80;20250000;117450000;2;
2020-08-25;5,76;5,81;5,75;5,90;5,68;5,80;5,776;11150000;64404000;13;
2020-08-24;6,00;6,07;6,09;6,09;6,07;6,07;6,08;3165000;19241550;3;
2020-08-21;6,10;6,16;6,16;6,23;6,14;6,14;6,174;10600000;65448000;6;
2020-08-20;6,13;6,16;6,20;6,20;6,15;6,15;6,172;31500000;194425000;4;
2020-08-19;6,18;6,24;6,28;6,28;6,24;6,24;6,266;8400000;52636000;6;
2020-08-18;6,27;6,34;6,29;6,32;6,28;6,32;6,284;12944000;81323580;6;
2020-08-17;6,25;6,32;6,39;6,39;6,25;6,30;6,304;14868900;93666825;10;
2020-08-14;6,45;6,49;6,70;6,70;6,45;6,49;6,55;19345000;126704850;10;
2020-08-13;6,75;6,84;6,78;6,80;6,78;6,80;6,782;10000000;67820000;2;
2020-08-12;6,75;6,83;6,84;6,84;6,84;6,84;6,84;1500000;10260000;1;
2020-08-11;6,89;6,99;6,93;7,02;6,93;6,95;6,97;8535000;59491050;8;
2020-08-10;6,77;6,86;6,71;6,80;6,71;6,80;6,752;5700000;38487000;4;
2020-08-07;6,62;6,71;6,90;6,90;6,71;6,71;6,803;9150000;62251500;8;
2020-08-06;6,90;6,98;6,94;6,94;6,94;6,94;6,94;9015000;62564100;3;
2020-08-05;6,90;6,98;6,94;6,94;6,94;6,94;6,94;200000;1388000;1;
2020-08-04;6,93;7,00;6,90;6,94;6,90;6,94;6,92;3000000;20760000;2;
2020-07-31;6,80;6,87;6,80;6,86;6,80;6,81;6,811;1909481;13005265,61;4;
2020-07-30;6,71;6,80;7,04;7,04;6,65;6,76;6,859;8600000;58990000;10;
2020-07-29;7,06;7,16;7,10;7,10;6,95;7,08;7,033;10145185;71348313,5;10;
2020-07-28;7,16;7,25;7,36;7,36;7,22;7,22;7,324;3260000;23874900;5;
2020-07-27;7,35;7,46;7,47;7,47;7,42;7,42;7,445;3000000;22335000;2;
2020-07-24;7,47;7,57;;;;7,60;;;;0;
2020-07-23;7,50;7,57;7,50;7,61;7,50;7,60;7,547;3350000;25282500;4;
2020-07-22;7,36;7,47;7,32;7,38;7,32;7,37;7,369;9200000;67794000;4;
2020-07-21;7,27;7,32;7,22;7,30;7,22;7,29;7,278;12000000;87330000;7;
2020-07-20;7,12;7,18;;;;7,18;;;;0;
2020-07-17;7,12;7,20;7,18;7,18;7,18;7,18;7,18;20000;143600;1;
2020-07-16;7,05;7,09;7,07;7,09;7,07;7,09;7,072;6892000;48736440;5;
2020-07-15;6,96;7,03;6,95;7,03;6,95;7,03;6,988;4000000;27950000;3;
2020-07-14;6,86;6,94;6,84;6,92;6,84;6,92;6,917;4650000;32166000;2;
2020-07-13;6,90;6,94;6,94;6,94;6,92;6,92;6,938;158000;1096160;2;
2020-07-10;6,90;6,94;6,93;6,93;6,93;6,93;6,93;3750000;25987500;3;
2020-07-09;6,97;7,07;7,06;7,06;7,05;7,05;7,055;19937000;139215890;3;
2020-07-08;7,06;7,14;;;;7,10;;;;0;
2020-07-07;7,06;7,14;7,10;7,10;7,10;7,10;7,10;107000;759700;1;
2020-07-06;7,08;7,12;;;;7,12;;;;0;
2020-07-03;7,06;7,11;;;;7,12;;;;0;
2020-07-02;7,06;7,15;;;;7,12;;;;0;
2020-07-01;;7,22;7,175;7,175;7,12;7,12;7,145;8019300;57460816;5;
2020-06-30;;7,31;7,25;7,25;7,20;7,20;7,213;6699723;48285005,6;5;
2020-06-29;7,23;7,32;7,275;7,275;7,275;7,275;7,275;4230000;30765200;2;
2020-06-26;7,30;7,41;7,43;7,43;7,32;7,32;7,419;7740200;57423264;6;
2020-06-25;7,44;7,51;7,45;7,45;7,45;7,45;7,45;4500000;33525000;3;
2020-06-24;7,44;7,53;7,46;7,60;7,46;7,55;7,508;12199998;91592484,8;10;
2020-06-23;7,33;7,42;7,27;7,38;7,27;7,33;7,339;4770000;35009100;5;
2020-06-22;7,18;7,27;7,27;7,27;7,27;7,27;7,27;27000;196290;1;
2020-06-19;7,18;7,23;7,23;7,23;7,23;7,23;7,23;3000000;21690000;2;
2020-06-18;7,14;7,19;7,19;7,19;7,19;7,19;7,19;1500000;10785000;1;
2020-06-16;7,06;7,10;7,19;7,19;7,10;7,10;7,128;3762872;26820076,64;4;
2020-06-15;6,95;7,03;6,95;7,03;6,95;7,03;6,956;3300000;22954500;4;
2020-06-12;6,94;7,02;7,01;7,01;6,93;6,93;6,993;3445000;24090450;5;
2020-06-11;7,02;7,10;7,055;7,055;7,055;7,055;7,055;3000000;21165000;1;
2020-06-10;7,17;7,24;;;;7,25;;;;0;
2020-06-09;7,17;7,25;7,20;7,25;7,17;7,25;7,199;1980000;14253500;4;
2020-06-08;7,25;7,30;7,25;7,34;7,15;7,34;7,244;6430000;46577200;7;
2020-06-05;7,30;7,41;7,20;7,35;7,20;7,35;7,311;3000000;21933000;3;
2020-06-04;7,11;7,20;7,16;7,20;7,16;7,20;7,16;5015000;35908000;2;
2020-06-03;7,11;7,20;7,11;7,16;7,11;7,13;7,127;4510000;32141300;3;
2020-06-02;7,06;7,16;7,06;7,06;7,06;7,06;7,06;764000;5393840;1;
2020-05-29;7,05;7,13;7,15;7,15;7,12;7,13;7,135;3230000;23046900;5;
2020-05-28;7,20;7,30;7,25;7,25;7,25;7,25;7,25;3000000;21750000;1;
2020-05-27;7,16;7,32;;;;7,25;;;;0;
2020-05-26;7,16;7,32;7,25;7,32;7,25;7,25;7,274;4208500;30612575;8;
2020-05-25;7,05;7,20;7,06;7,14;7,06;7,14;7,083;3500000;24790000;4;
2020-05-22;6,90;7,06;7,05;7,05;7,05;7,05;7,05;1830000;12879900;3;
2020-05-20;7,10;7,30;7,66;7,66;7,18;7,18;7,427;16350000;121435000;12;
2020-05-19;7,37;7,50;7,50;7,50;7,50;7,50;7,50;333000;2497500;1;
2020-05-18;7,38;7,59;7,27;7,40;7,27;7,40;7,319;5750000;42085000;5;
2020-05-15;7,11;7,30;7,20;7,20;7,20;7,20;7,20;100000;720000;1;
2020-05-14;7,05;7,20;7,50;7,50;7,00;7,15;7,189;12850000;92379000;10;
2020-05-13;7,28;7,50;7,25;7,55;7,10;7,38;7,475;29069666;216444969,88;13;
2020-05-12;6,90;;6,80;7,05;6,80;7,05;6,933;21242528;147329022,4;10;
2020-05-11;6,55;6,70;6,70;6,70;6,70;6,70;6,70;820000;5432725;2;
2020-05-08;6,63;6,70;6,60;6,70;6,60;6,70;6,622;11757313;77862777,71;7;
2020-05-07;6,43;6,60;6,50;6,51;6,50;6,505;6,505;8500000;55292500;3;
2020-05-06;6,35;6,50;6,38;6,40;6,38;6,40;6,396;8100000;51810000;4;
2020-05-05;6,27;6,34;6,34;6,34;6,34;6,34;6,34;80000;507200;1;
2020-05-04;6,25;6,40;6,60;6,60;6,35;6,35;6,48;7820000;50671000;9;
2020-04-30;6,70;6,84;6,70;6,70;6,70;6,70;6,70;1510000;10117500;2;
2020-04-29;6,91;7,08;6,98;7,00;6,98;7,00;6,98;1531600;10691200;2;
2020-04-28;6,86;7,01;6,95;6,95;6,91;6,91;6,916;2675000;18501250;4;
2020-04-27;6,95;7,05;6,92;6,92;6,92;6,92;6,92;59000;409420;2;
2020-04-24;6,91;7,10;7,05;7,05;6,90;6,90;7,005;6495608;45497815,2;7;
2020-04-22;7,05;7,18;7,10;7,16;7,10;7,16;7,157;1580558;11311961,8;2;
2020-04-21;7,12;7,16;7,42;7,42;7,16;7,16;7,237;8557194;61930488,8;8;
2020-04-20;7,45;7,56;7,77;7,77;7,47;7,47;7,543;9769350;73492499,5;7;
2020-04-17;7,65;7,72;7,51;7,72;7,51;7,72;7,634;7830000;59771300;9;
2020-04-16;7,34;7,56;7,33;7,55;7,33;7,45;7,40;13963112;103329395,6;14;
2020-04-15;7,05;7,39;7,09;7,30;7,09;7,29;7,159;45515000;325817850;15;
2020-04-14;6,70;7,10;6,60;6,95;6,40;6,95;6,80;6826000;46418900;8;
2020-04-08;6,40;6,70;6,60;6,65;6,60;6,65;6,646;582859;3874762,35;4;
2020-04-07;6,45;6,70;6,35;6,70;6,30;6,575;6,542;21458000;140385400;13;
2020-04-06;6,05;6,20;6,10;6,20;6,05;6,20;6,113;9038040;55246042,5;9;
2020-04-03;6,15;6,28;6,10;6,18;6,10;6,15;6,176;3466470;21414140,5;6;
2020-04-02;6,10;6,29;6,11;6,29;6,11;6,29;6,114;2999309;18338288,89;6;
2020-04-01;6,16;6,34;6,31;6,31;6,20;6,20;6,217;6044500;37579220;6;
2020-03-31;6,35;6,50;6,45;6,45;6,30;6,40;6,34;5391125;34182200;9;
2020-03-30;6,46;6,61;6,35;6,50;6,35;6,50;6,354;307500;1953750;2;
2020-03-27;6,50;6,80;6,70;6,90;6,40;6,70;6,675;1703700;11372790;4;
2020-03-26;6,30;6,70;;;;6,50;;;;0;
2020-03-25;6,50;6,85;6,75;6,80;6,50;6,50;6,744;2025000;13656250;6;
2020-03-24;6,30;6,60;6,20;6,55;6,20;6,30;6,276;14830000;93449000;6;
2020-03-23;6,25;6,40;6,20;6,40;5,90;6,40;5,956;27871191;168060748,8;19;
2020-03-20;6,25;6,80;6,80;6,80;6,80;6,80;6,80;1500000;10200000;1;
2020-03-19;6,25;6,80;6,30;6,70;6,30;6,70;6,552;2997000;19635930;5;
2020-03-18;6,40;6,70;6,30;6,50;6,20;6,50;6,438;19140000;123227200;8;
2020-03-17;6,66;6,90;6,66;6,80;6,66;6,80;6,711;19120000;128309100;5;
2020-03-16;6,30;6,90;6,20;6,50;6,20;6,50;6,322;8723823;55154849,5;10;
2020-03-13;6,50;6,90;6,70;6,90;6,16;6,90;6,28;11548985;72526996,5;10;
2020-03-12;6,10;6,50;6,25;6,60;6,25;6,50;6,258;3087540;19323088,6;6;
2020-03-11;6,66;6,73;7,05;7,13;6,63;6,71;6,841;52383162;357847727,3;33;
2020-03-10;6,51;6,75;7,00;7,16;6,60;6,60;6,938;53336615;370062423,4;37;
2020-03-09;6,62;6,69;6,60;6,65;6,50;6,65;6,584;21666820;142657889,02;40;
2020-03-06;6,95;7,08;7,20;7,20;6,98;7,02;7,058;36100000;254777653,24;23;
2020-03-05;7,26;7,35;7,46;7,46;7,27;7,27;7,321;24941356;182584743,72;16;
2020-03-04;7,43;7,54;7,71;7,75;7,53;7,53;7,639;17087000;130527240;14;
2020-03-03;7,51;7,61;7,80;7,80;7,55;7,60;7,654;36103359;276318532,25;19;
2020-03-02;7,45;7,70;7,74;7,84;7,50;7,50;7,641;18384217;140472184,97;26;
2020-02-28;7,65;7,75;7,72;7,94;7,70;7,70;7,838;36507933;286164103,27;26;
2020-02-27;7,90;8,00;8,06;8,17;8,00;8,00;8,072;23000000;185665000;12;
2020-02-26;8,20;8,30;8,15;8,30;7,90;8,25;8,101;44719000;362270000;32;
2020-02-25;8,28;8,39;8,48;8,55;8,35;8,35;8,394;26030000;218486500;15;
2020-02-24;8,52;8,63;8,80;8,85;8,56;8,58;8,649;27279354;235950186,26;13;
2020-02-21;8,91;9,04;8,975;9,04;8,975;9,04;8,975;8006000;71629240;3;
2020-02-20;8,91;9,04;9,08;9,08;8,975;8,975;9,02;3500000;31570000;3;
2020-02-19;8,97;9,08;8,93;9,03;8,93;9,00;8,967;17800000;159618500;8;
2020-02-18;8,82;8,91;8,72;8,82;8,72;8,82;8,771;21000000;184180000;7;
2020-02-17;8,64;8,68;;;;8,60;;;;0;
2020-02-14;8,56;8,68;8,55;8,60;8,52;8,60;8,556;7542000;64529100;7;
2020-02-13;8,59;8,69;8,77;8,79;8,59;8,59;8,702;12500000;108779000;12;
2020-02-12;8,66;8,76;8,61;8,76;8,57;8,76;8,638;14120000;122177400;6;
2020-02-11;8,60;8,70;8,78;8,78;8,61;8,61;8,746;15427000;134927770;8;
2020-02-10;8,77;8,88;8,88;8,88;8,78;8,78;8,823;6100000;53820000;5;
2020-02-07;8,88;8,98;;;;8,98;;;;0;
2020-02-06;8,88;8,98;8,93;8,98;8,93;8,98;8,945;490000;4383200;2;
2020-02-05;8,86;8,98;8,87;8,93;8,80;8,93;8,868;17282000;153248260;12;
2020-02-04;8,67;8,73;8,71;8,78;8,67;8,67;8,712;23500000;204720000;11;
2020-02-03;8,60;8,66;8,64;8,64;8,635;8,635;8,639;1730000;14946050;2;
2020-01-31;8,58;8,67;8,71;8,71;8,58;8,61;8,632;17500000;151055000;11;
2020-01-30;8,74;8,83;8,74;8,83;8,74;8,785;8,772;15360700;134737249,5;9;
2020-01-29;8,76;8,88;9,10;9,10;8,85;8,85;8,892;25323000;225858050;19;
2020-01-28;9,02;9,10;8,97;9,08;8,97;9,08;9,078;1535000;13933950;2;
2020-01-27;8,97;9,08;9,08;9,13;9,00;9,00;9,047;19590900;177169622,5;13;
2020-01-24;9,11;9,23;8,93;9,18;8,93;9,18;9,113;18999709;173135074,52;17;
2020-01-23;8,99;9,08;9,13;9,13;9,03;9,03;9,082;9600000;87186000;8;
2020-01-22;9,13;9,20;9,29;9,29;9,22;9,25;9,262;12600000;116635000;5;
2020-01-21;9,23;9,34;9,30;9,30;9,30;9,30;9,30;1000000;9300000;1;
2020-01-20;9,23;9,34;9,13;9,285;9,13;9,285;9,201;17086100;157341772;12;
2020-01-17;9,18;9,30;9,28;9,30;9,25;9,25;9,28;8897650;82570817;11;
2020-01-16;9,15;9,23;9,21;9,23;9,21;9,23;9,21;5091000;46889930;2;
2020-01-15;9,18;9,30;9,08;9,27;9,08;9,21;9,197;35233368;324047070,84;16;
2020-01-14;9,03;9,11;9,00;9,11;8,93;9,11;9,004;17490000;157475200;13;
2020-01-13;8,95;9,07;8,80;9,06;8,80;9,00;8,938;26456900;236491379;18;
2020-01-10;8,71;8,80;8,51;8,80;8,51;8,80;8,649;32191000;278431300;18;
2020-01-09;8,46;8,55;8,42;8,51;8,42;8,51;8,486;16798816;142557983,36;5;
2020-01-08;8,39;8,50;8,305;8,45;8,305;8,45;8,379;13554400;113571416;7;
2020-01-07;8,26;8,37;8,30;8,35;8,28;8,32;8,318;30218000;251343760;7;
2020-01-06;8,18;8,29;8,23;8,27;8,23;8,27;8,24;4000000;32960000;3;
2020-01-03;8,30;8,35;8,35;8,35;8,35;8,35;8,35;706000;5895100;2;
2020-01-02;8,30;8,41;8,25;8,36;8,25;8,34;8,319;16418163;136494650,68;11;
2019-12-30;8,15;8,25;8,20;8,23;8,20;8,23;8,205;3707729;30469609,67;3;
2019-12-27;8,20;8,30;8,22;8,22;8,22;8,22;8,22;1503800;12361350;2;
2019-12-23;8,22;8,32;8,22;8,32;8,22;8,22;8,268;3173000;26235710;4;
2019-12-20;8,22;8,31;8,26;8,27;8,22;8,27;8,249;13813500;113951577,5;5;
2019-12-19;8,20;8,32;8,25;8,32;8,20;8,26;8,256;6689428;55225365,28;6;
2019-12-18;8,14;8,20;8,16;8,16;8,16;8,16;8,16;2250000;18360000;1;
2019-12-17;8,14;8,22;8,08;8,22;8,01;8,17;8,11;13224000;107245620;11;
2019-12-16;8,08;8,16;8,16;8,16;8,10;8,11;8,14;6902210;56156923,1;6;
2019-12-13;8,16;8,28;8,24;8,30;8,21;8,21;8,26;18180000;150069230;11;
2019-12-12;8,13;8,24;8,10;8,20;8,10;8,19;8,186;27500000;225120000;7;
2019-12-11;8,01;8,10;7,97;8,06;7,84;8,01;7,965;23036764;183497641,44;15;
2019-12-10;7,99;8,05;8,095;8,095;8,03;8,03;8,048;9000000;72427500;4;
2019-12-09;8,04;8,15;8,095;8,095;8,095;8,095;8,095;5591000;45259145;3;
2019-12-06;8,04;8,16;8,00;8,09;8,00;8,08;8,063;24852000;200375000;13;
2019-12-05;7,97;8,06;8,00;8,00;8,00;8,00;8,00;4747700;37981600;2;
2019-12-04;7,97;8,05;7,96;8,04;7,96;8,04;8,019;8185529;65642693,16;4;
2019-12-03;7,96;8,06;8,05;8,15;8,05;8,06;8,097;35550000;287832500;14;
2019-12-02;7,96;8,07;7,69;7,98;7,69;7,98;7,836;23800500;186493450;19;
2019-11-29;7,82;7,91;7,62;7,85;7,62;7,85;7,705;29830000;229829940;15;
2019-11-28;7,60;7,67;7,73;7,73;7,625;7,625;7,643;15420000;117855400;6;
2019-11-27;7,63;7,71;7,62;7,71;7,62;7,67;7,656;21125000;161723750;9;
2019-11-26;7,54;7,62;7,62;7,62;7,61;7,61;7,615;3000000;22845000;2;
2019-11-25;7,66;7,72;7,73;7,73;7,70;7,70;7,708;11029411;85011464,7;4;
2019-11-22;7,75;7,83;7,75;7,80;7,74;7,80;7,742;1531400;11856670;3;
2019-11-21;7,75;7,83;7,75;7,75;7,75;7,75;7,75;1500;11625;1;
2019-11-20;7,76;7,83;7,76;7,83;7,76;7,83;7,779;3171176;24669249,28;3;
2019-11-19;7,77;7,83;7,83;7,83;7,70;7,78;7,748;12200000;94520000;9;
2019-11-18;7,80;7,89;7,88;7,88;7,85;7,85;7,862;7531000;59208350;5;
2019-11-15;7,87;7,96;7,87;7,93;7,87;7,915;7,923;14972031;118619233,47;7;
2019-11-14;7,82;7,91;7,67;7,86;7,62;7,86;7,727;27483000;212349210;15;
2019-11-13;7,70;7,75;7,76;7,76;7,72;7,72;7,731;14000000;108235000;7;
2019-11-12;7,77;7,86;7,88;7,88;7,86;7,87;7,87;3018700;23757169;3;
2019-11-11;7,93;7,99;7,96;7,99;7,96;7,99;7,961;5160000;41078400;2;
2019-11-08;7,89;7,99;8,07;8,10;7,95;7,95;8,044;42412000;341177200;11;
2019-11-07;7,96;8,05;8,06;8,12;7,96;8,005;8,03;9175000;73678900;7;
2019-11-06;7,96;8,06;8,16;8,16;8,05;8,05;8,105;12026700;97477685;10;
2019-11-05;8,11;8,21;8,16;8,16;8,16;8,16;8,16;1500000;12240000;1;
2019-11-04;8,16;8,25;8,12;8,25;8,10;8,25;8,171;16475000;134468850;14;
2019-11-01;8,02;8,14;8,02;8,06;8,02;8,06;8,036;12500000;97270000;8;
2019-10-31;7,83;7,89;7,76;7,86;7,76;7,83;7,814;11041000;86272260;5;
2019-10-30;7,71;7,73;7,70;7,70;7,70;7,70;7,70;5000000;38500000;1;
2019-10-29;7,63;7,73;7,62;7,68;7,62;7,68;7,656;2519602;19289367,24;3;
2019-10-28;7,56;7,66;7,67;7,67;7,61;7,61;7,63;11000000;83930000;6;
2019-10-25;7,56;7,66;7,64;7,66;7,62;7,66;7,636;8206600;62664556;7;
2019-10-24;7,63;7,74;7,785;7,785;7,66;7,66;7,736;7300000;56475500;6;
2019-10-23;7,71;7,81;;;;7,76;;;;0;
2019-10-22;7,71;7,81;7,61;7,76;7,61;7,76;7,693;11923117;91718580,37;13;
2019-10-21;7,50;7,61;7,50;7,61;7,50;7,61;7,511;11008400;82683924;6;
2019-10-18;7,39;7,50;7,36;7,45;7,36;7,45;7,412;19530800;144761688;10;
2019-10-17;7,39;7,40;7,36;7,36;7,35;7,35;7,353;4510000;33163500;4;
2019-10-16;7,37;7,47;7,415;7,415;7,415;7,415;7,415;44117;327127,56;1;
2019-10-15;7,36;7,46;7,45;7,46;7,37;7,41;7,41;21100000;156356000;12;
2019-10-14;7,38;7,49;7,45;7,49;7,38;7,49;7,438;7197000;53529860;6;
2019-10-11;7,53;7,54;7,495;7,54;7,495;7,54;7,495;1509990;11317824,6;2;
2019-10-10;7,48;7,59;7,66;7,71;7,55;7,55;7,635;35910500;274180845;15;
2019-10-09;7,55;7,66;7,50;7,58;7,48;7,58;7,511;13436785;100925887,5;11;
2019-10-08;7,50;7,61;7,56;7,63;7,505;7,61;7,596;7198200;54674020;9;
2019-10-07;7,52;7,56;7,50;7,52;7,50;7,52;7,501;1543700;11578624;2;
2019-10-04;7,40;7,49;7,43;7,43;7,43;7,43;7,43;3000000;22290000;2;
2019-10-03;7,34;7,42;7,415;7,46;7,37;7,40;7,401;17250000;127583000;11;
2019-10-02;7,40;7,43;7,43;7,43;7,35;7,43;7,415;20187834;149682691,9;11;
2019-10-01;7,45;7,52;7,45;7,48;7,45;7,48;7,469;12900000;96348000;9;
2019-09-30;7,39;7,45;7,45;7,45;7,425;7,425;7,44;5000000;37200000;3;
2019-09-27;7,46;7,56;7,63;7,63;7,46;7,46;7,563;30350000;229530000;14;
2019-09-26;7,65;7,74;7,72;7,72;7,71;7,71;7,717;4500000;34725000;3;
2019-09-25;7,73;7,83;7,80;7,80;7,79;7,80;7,798;8000000;62385000;4;
2019-09-24;7,81;7,90;7,92;7,92;7,87;7,87;7,91;18500000;146340000;6;
2019-09-23;7,85;7,90;7,85;7,85;7,84;7,85;7,848;8000000;62785000;3;
2019-09-20;7,87;7,95;7,895;7,95;7,895;7,95;7,925;6500000;51510000;2;
2019-09-19;7,85;7,95;7,83;7,95;7,83;7,95;7,876;3028019;23847748,77;5;
2019-09-18;7,78;7,85;7,79;7,85;7,79;7,85;7,795;2513566;19593493,1;3;
2019-09-17;7,77;7,85;7,77;7,815;7,77;7,815;7,815;9044117;70677789,09;3;
2019-09-16;7,77;7,85;7,91;7,91;7,84;7,84;7,86;6714000;52737600;6;
2019-09-13;7,92;7,98;7,94;7,95;7,90;7,95;7,939;3089529;24528079,1;3;
2019-09-12;7,90;7,98;;;;7,95;;;;0;
2019-09-11;7,88;7,95;8,01;8,01;7,90;7,95;7,913;5260000;41622600;5;
2019-09-10;7,90;8,00;8,08;8,105;7,91;7,96;8,034;17500000;140597500;8;
2019-09-09;8,06;8,16;8,05;8,16;8,05;8,10;8,092;13573529;109832643,74;7;
2019-09-06;7,95;8,04;8,00;8,00;8,00;8,00;8,00;11499175;91993400;3;
2019-09-05;7,95;8,04;;;;8,00;;;;0;
2019-09-04;7,95;8,05;7,95;8,00;7,95;8,00;7,985;5044000;40277000;3;
2019-09-03;7,95;8,05;7,925;8,00;7,925;8,00;7,977;13192684;105243654,9;6;
2019-09-02;7,88;7,97;7,90;7,92;7,90;7,92;7,917;10500000;83130000;3;
2019-08-30;7,79;7,89;7,88;7,88;7,84;7,84;7,86;3000000;23580000;2;
2019-08-29;7,79;7,89;7,87;7,93;7,85;7,85;7,883;26500000;208200000;13;
2019-08-28;7,70;7,80;7,79;7,80;7,75;7,75;7,785;3121905;24303958;5;
2019-08-27;7,76;7,84;7,80;7,80;7,80;7,80;7,80;10000000;78000000;2;
2019-08-26;7,76;7,84;7,82;7,82;7,82;7,82;7,82;3000000;23460000;2;
2019-08-23;7,84;7,92;7,88;7,88;7,88;7,88;7,88;1500000;11820000;1;
2019-08-22;7,83;7,91;7,76;7,86;7,76;7,86;7,827;57500000;450310000;23;
2019-08-21;7,64;7,74;7,72;7,72;7,65;7,65;7,678;8300000;63726000;4;
2019-08-20;7,74;7,83;7,95;7,95;7,78;7,785;7,899;32971495;260449940,35;10;
2019-08-19;7,91;7,97;7,87;7,95;7,86;7,95;7,903;38774787;306425226,25;16;
2019-08-16;7,77;7,85;8,01;8,01;7,77;7,77;7,935;19310000;153220100;17;
2019-08-15;7,90;8,01;8,325;8,325;8,00;8,00;8,153;16881218;137630433,01;14;
2019-08-14;8,29;8,37;8,48;8,48;8,30;8,30;8,409;19100000;160615000;13;
2019-08-13;8,48;8,58;8,60;8,60;8,48;8,48;8,564;11853541;101510027,68;7;
2019-08-12;8,60;8,68;;;;8,64;;;;0;
2019-08-09;8,60;8,68;8,64;8,64;8,64;8,64;8,64;10000;86400;1;
2019-08-08;8,60;8,68;8,72;8,72;8,64;8,64;8,66;12522200;108435920;6;
2019-08-07;8,66;8,77;8,77;8,77;8,77;8,77;8,77;17500;153475;2;
2019-08-06;8,66;8,77;;;;8,70;;;;0;
2019-08-02;8,71;8,77;;;;8,70;;;;0;
2019-08-01;8,68;8,77;;;;8,70;;;;0;
2019-07-31;8,68;8,76;8,70;8,70;8,70;8,70;8,70;20000;174000;1;
2019-07-30;8,68;8,76;;;;8,68;;;;0;
2019-07-29;8,68;8,78;8,70;8,70;8,68;8,68;8,70;271661;2363430,7;2;
2019-07-26;8,68;8,78;8,75;8,78;8,75;8,78;8,77;51854;454772,5;2;
2019-07-25;8,68;8,75;8,74;8,78;8,70;8,70;8,702;5532000;48121160;5;
2019-07-24;8,68;8,78;8,70;8,70;8,70;8,70;8,70;40353;351071,1;1;
2019-07-23;8,72;8,78;8,78;8,78;8,72;8,72;8,747;11000000;96220000;2;
2019-07-22;8,68;8,78;;;;8,69;;;;0;
2019-07-19;8,69;8,78;8,69;8,69;8,69;8,69;8,69;31000;269390;1;
2019-07-18;8,67;8,78;8,76;8,76;8,725;8,725;8,737;4500000;39315000;2;
2019-07-17;8,64;8,76;8,62;8,70;8,62;8,70;8,65;21000000;182750000;5;
2019-07-16;8,54;8,65;8,55;8,55;8,55;8,55;8,55;3226804;27589174,2;3;
2019-07-15;8,54;8,65;8,50;8,58;8,50;8,58;8,526;15200000;129595000;8;
2019-07-12;8,45;8,54;8,58;8,59;8,48;8,48;8,544;33550000;288249000;14;
2019-07-11;8,58;8,69;8,64;8,67;8,61;8,61;8,615;10032250;86424607,5;4;
2019-07-10;8,63;8,71;;;;8,65;;;;0;
2019-07-09;8,62;8,73;8,675;8,675;8,65;8,65;8,665;5000000;43325000;3;
2019-07-08;8,60;8,69;8,70;8,70;8,67;8,67;8,677;15500000;134485000;5;
2019-07-05;8,70;8,80;8,76;8,76;8,72;8,72;8,754;3560000;31163200;3;
2019-07-04;8,76;8,88;8,74;8,83;8,74;8,83;8,814;11800000;103999000;5;
2019-07-03;8,65;8,74;8,70;8,70;8,695;8,695;8,70;3052000;26552140;3;
2019-07-02;8,62;8,70;8,76;8,76;8,61;8,68;8,667;6792288;58865599,68;7;
2019-07-01;8,70;8,81;8,81;8,81;8,75;8,76;8,773;15469339;135715289,81;8;
2019-06-28;8,81;8,89;8,83;8,83;8,81;8,81;8,825;13930247;122815476,07;6;
2019-06-27;8,82;8,94;8,93;8,93;8,92;8,93;8,922;5516500;49217345;5;
2019-06-26;8,92;9,05;9,03;9,03;8,95;8,985;8,991;16525000;148570000;8;
2019-06-25;9,03;9,13;9,07;9,10;9,03;9,03;9,06;15535000;140743500;6;
2019-06-24;8,98;9,06;9,06;9,06;9,00;9,00;9,018;9000000;81160000;4;
2019-06-21;9,01;9,07;;;;9,05;;;;0;
2019-06-20;9,02;9,08;9,03;9,05;9,00;9,05;9,007;15546000;140021300;6;
2019-06-19;8,92;9,03;8,97;8,97;8,95;8,95;8,951;772058;6910360,26;2;
2019-06-18;8,95;8,97;8,96;8,96;8,96;8,96;8,96;473000;4238080;1;
2019-06-14;8,95;9,08;8,96;9,04;8,95;8,95;8,973;11000000;98700546;7;
2019-06-13;8,92;9,00;9,11;9,11;8,92;8,92;9,055;13800000;124956000;9;
2019-06-12;9,05;9,15;9,11;9,22;9,09;9,11;9,126;11000000;100385000;6;
2019-06-11;9,10;9,22;9,23;9,23;9,20;9,20;9,215;4500000;41860000;4;
2019-06-07;9,23;9,30;9,25;9,25;9,25;9,25;9,25;9000000;83250000;2;
2019-06-06;9,22;9,30;9,23;9,35;9,23;9,25;9,287;15512600;144070070;10;
2019-06-05;9,23;9,32;9,275;9,275;9,23;9,23;9,273;1050000;9736500;3;
2019-06-04;9,25;9,32;9,23;9,30;9,23;9,25;9,275;23439942;217412463,5;10;
2019-06-03;9,15;9,23;9,235;9,235;9,18;9,18;9,207;4500000;41430000;3;
2019-05-31;9,15;9,28;9,12;9,23;9,10;9,23;9,16;15896322;145611530,2;8;
2019-05-29;9,13;9,25;9,15;9,23;9,14;9,16;9,20;11102211;102142669,98;10;
2019-05-28;9,20;9,28;9,50;9,50;9,08;9,21;9,302;31712300;294986037;20;
2019-05-27;9,40;9,50;9,49;9,49;9,45;9,45;9,471;5102910;48391499,5;5;
2019-05-24;9,49;9,55;9,32;9,515;9,32;9,515;9,447;43916500;414865585;18;
2019-05-23;9,28;9,37;9,25;9,35;9,25;9,35;9,282;19200000;178220000;8;
2019-05-22;9,16;9,23;9,21;9,25;9,13;9,22;9,19;41078150;377526387,5;21;
2019-05-21;8,94;9,06;8,84;9,02;8,84;8,96;8,907;14450000;128708000;8;
2019-05-20;8,78;8,90;8,92;8,92;8,78;8,84;8,868;11367000;100800260;6;
2019-05-17;8,93;9,01;;;;8,965;;;;0;
2019-05-16;8,92;9,01;9,00;9,00;8,965;8,965;8,992;13350000;120045000;3;
2019-05-15;8,91;9,02;;;;8,97;;57000;511005;1;
2019-05-14;8,90;9,02;9,08;9,08;8,97;8,97;9,019;8202800;73972588;9;
2019-05-13;9,08;9,19;9,25;9,25;9,08;9,08;9,133;4207800;38430224;8;
2019-05-10;9,15;9,25;9,17;9,20;9,15;9,20;9,177;2317700;21269455;3;
2019-05-09;9,13;9,25;9,13;9,26;9,05;9,13;9,171;27168100;248636173;23;
2019-05-08;9,22;9,29;9,08;9,30;9,08;9,30;9,25;31401738;290460303,5;24;
2019-05-07;8,94;9,02;8,98;9,03;8,98;8,98;8,999;21550000;193935000;11;
2019-05-06;8,86;8,98;;;;8,95;;;;0;
2019-05-03;8,95;8,99;9,03;9,03;8,95;8,95;8,978;2526000;22678390;5;
2019-05-02;8,96;9,03;8,88;9,03;8,88;9,03;8,923;17895029;159678906;9;
2019-04-30;8,80;8,88;8,77;8,85;8,77;8,85;8,795;14249392;125318058,6;12;
2019-04-29;8,68;8,70;8,67;8,705;8,67;8,68;8,687;17018000;147826240;8;
2019-04-26;8,56;8,67;8,57;8,63;8,51;8,63;8,591;20768000;178558800;15;
2019-04-24;8,51;8,62;8,51;8,62;8,51;8,51;8,541;23014300;196574193;7;
2019-04-23;8,45;8,50;8,45;8,45;8,45;8,45;8,45;33529;283320,05;1;
2019-04-17;8,45;8,53;8,43;8,49;8,43;8,49;8,447;8039400;68059506;6;
2019-04-16;8,40;8,43;8,415;8,415;8,40;8,40;8,415;3600001;30294008,4;2;
2019-04-15;8,36;8,44;8,395;8,40;8,395;8,40;8,397;3700000;31067500;2;
2019-04-12;8,35;8,44;8,42;8,44;8,38;8,38;8,415;15785905;132839365,1;8;
2019-04-11;8,30;8,38;8,55;8,55;8,38;8,38;8,465;3000000;25395000;3;
2019-04-10;8,55;8,62;8,57;8,57;8,57;8,57;8,57;1000000;8570000;1;
2019-04-09;8,53;8,62;8,57;8,57;8,57;8,57;8,57;4500000;38565000;2;
2019-04-08;8,52;8,62;8,58;8,62;8,57;8,57;8,576;9100000;78037000;5;
2019-04-05;8,47;8,56;8,40;8,52;8,40;8,52;8,428;21000000;176865000;12;
2019-04-04;8,32;8,43;8,57;8,70;8,39;8,39;8,538;31073200;265299900;22;
2019-04-03;8,34;8,45;8,32;8,46;8,32;8,46;8,418;11020000;92766800;8;
2019-04-02;8,16;8,26;8,30;8,33;8,19;8,26;8,23;45295900;373024839;19;
2019-04-01;8,18;8,25;8,20;8,22;8,195;8,195;8,208;6200000;50890000;5;
2019-03-29;8,10;8,19;8,10;8,145;8,10;8,145;8,144;1556200;12673881;3;
2019-03-28;8,08;8,19;8,08;8,31;8,08;8,10;8,193;19399676;158524555,6;16;
2019-03-27;8,35;8,46;8,30;8,45;8,30;8,45;8,358;8470000;70794500;7;
2019-03-26;8,09;8,42;8,10;8,38;8,10;8,30;8,244;28791400;237355430;19;
2019-03-25;8,00;8,10;8,15;8,27;8,07;8,07;8,183;16795600;137437307,5;18;
2019-03-22;8,39;8,50;8,73;8,75;8,35;8,44;8,509;31650000;270122500;17;
2019-03-21;8,55;8,65;8,39;8,60;8,39;8,60;8,504;9375000;79721250;7;
2019-03-20;8,32;8,43;8,48;8,54;8,38;8,38;8,46;30125000;254845000;19;
2019-03-19;8,66;8,77;8,84;8,84;8,73;8,73;8,801;8561336;75346076,64;7;
2019-03-18;8,83;8,95;8,90;8,93;8,85;8,93;8,90;5468200;48668752;6;
2019-03-15;8,90;9,03;9,12;9,13;8,97;8,985;9,027;27260000;246062950;15;
2019-03-14;9,01;9,12;8,83;9,02;8,83;9,02;8,928;29630000;264545500;14;
2019-03-13;8,72;8,83;8,70;8,78;8,65;8,78;8,748;8583000;75083450;6;
2019-03-12;8,58;8,66;8,53;8,73;8,45;8,58;8,592;39862835;341903330,9;20;
2019-03-11;8,53;8,61;8,575;8,575;8,53;8,53;8,534;544800;4649160;2;
2019-03-08;8,55;8,64;;;;8,62;;;;0;
2019-03-07;8,55;8,67;8,83;8,83;8,59;8,62;8,694;22300000;193651000;16;
2019-03-06;8,73;8,83;8,78;8,95;8,76;8,76;8,866;33080558;293285494,1;19;
2019-03-05;8,68;8,80;8,77;8,83;8,68;8,68;8,784;15407000;135326760;10;
2019-03-04;8,55;8,64;8,66;8,66;8,60;8,60;8,64;9000000;77850000;3;
2019-03-01;8,64;8,68;8,80;8,80;8,65;8,65;8,754;12999394;113790358,1;8;
2019-02-28;8,80;8,90;8,79;8,90;8,79;8,88;8,872;1871405;16603176,4;5;
2019-02-27;8,79;8,87;8,76;8,88;8,76;8,79;8,823;27711903;244500823,64;13;
2019-02-26;8,62;8,74;8,54;8,68;8,54;8,68;8,575;22200000;190372000;10;
2019-02-25;8,43;8,54;8,40;8,48;8,40;8,48;8,454;4202585;35526714;4;
2019-02-22;8,40;8,52;8,36;8,48;8,35;8,40;8,405;8763814;73658684,7;9;
2019-02-21;8,26;8,36;8,20;8,30;8,20;8,276;8,276;6235762;51608646,31;5;
2019-02-20;8,18;8,27;8,20;8,20;8,20;8,20;8,20;25500;209100;1;
2019-02-19;8,20;8,30;8,25;8,25;8,25;8,25;8,25;6250000;51562500;2;
2019-02-18;8,24;8,35;8,25;8,30;8,24;8,30;8,287;6119950;50713838;4;
2019-02-15;8,32;8,43;8,37;8,50;8,30;8,37;8,402;28524000;239646600;18;
2019-02-14;8,30;8,40;8,25;8,37;8,25;8,30;8,349;8480000;70795000;5;
2019-02-13;8,28;8,35;8,22;8,40;8,22;8,28;8,281;29559500;244862635;16;
2019-02-12;8,22;8,34;8,34;8,34;8,30;8,30;8,302;3243394;26923346,66;4;
2019-02-11;8,30;8,34;8,34;8,34;8,34;8,34;8,34;6000000;50040000;2;
2019-02-08;8,27;8,39;8,34;8,38;8,32;8,32;8,344;8500000;70920000;6;
2019-02-07;8,40;8,45;;;;8,43;;;;0;
2019-02-06;8,36;8,45;8,43;8,43;8,43;8,43;8,43;3000000;25290000;2;
2019-02-05;8,44;8,55;8,57;8,57;8,49;8,49;8,535;10500000;89615000;7;
2019-02-04;8,57;8,67;8,60;8,65;8,59;8,59;8,59;5025500;43169800;3;
2019-02-01;8,60;8,68;8,67;8,67;8,63;8,63;8,632;10335000;89212434,08;4;
2019-01-31;8,60;8,69;8,645;8,66;8,64;8,64;8,645;14100000;121932500;6;
2019-01-30;8,59;8,70;8,78;8,81;8,67;8,67;8,742;12140251;106131708,8;10;
2019-01-29;8,66;8,77;8,72;8,72;8,72;8,72;8,72;11370000;99146400;4;
2019-01-28;8,67;8,78;8,78;8,86;8,72;8,72;8,791;14839000;130450520;10;
2019-01-25;8,72;8,83;8,70;8,78;8,70;8,78;8,742;9400000;82177000;8;
2019-01-24;8,64;8,72;8,51;8,69;8,51;8,66;8,619;10350532;89208975,2;8;
2019-01-23;8,40;;8,42;8,52;8,42;8,52;8,471;15041000;127409155;12;
2019-01-22;8,25;8,37;8,34;8,35;8,31;8,31;8,34;5037000;42007950;3;
2019-01-21;8,25;8,35;8,35;8,35;8,35;8,35;8,35;18000;150300;1;
2019-01-18;8,25;8,37;8,37;8,37;8,27;8,30;8,293;5740000;47598800;5;
2019-01-17;8,30;8,37;8,18;8,34;8,18;8,30;8,317;11569411;96222581,98;6;
2019-01-16;8,18;8,27;8,20;8,20;8,18;8,18;8,197;9590000;78606200;7;
2019-01-15;8,20;8,30;8,42;8,50;8,25;8,25;8,36;24071690;201315027;14;
2019-01-14;8,26;8,37;8,10;8,35;8,10;8,30;8,25;13673529;112812378,96;13;
2019-01-11;8,09;8,20;8,02;8,13;8,02;8,12;8,089;12505990;101158219,5;7;
2019-01-10;7,94;8,02;8,02;8,02;7,98;7,98;7,983;3500000;27940000;4;
2019-01-09;7,90;8,00;7,83;7,96;7,83;7,96;7,887;26527200;209208248;11;
2019-01-08;7,73;7,82;7,90;7,90;7,72;7,76;7,773;21756000;169116700;14;
2019-01-07;7,86;7,95;7,995;7,995;7,92;7,94;7,948;15609400;123993718,5;7;
2019-01-04;7,97;8,05;8,11;8,11;7,94;7,94;8,031;12331000;99035090;12;
2019-01-03;8,11;8,23;8,23;8,23;8,15;8,15;8,216;3407750;27998577,5;4;
2019-01-02;8,23;8,32;;;;8,30;;580000;4814000;1;
2018-12-28;8,24;8,35;;;;8,30;;2888557;23975023,1;1;
2018-12-27;8,24;8,35;;;;8,30;;;;0;
2018-12-21;8,25;8,35;8,32;8,32;8,30;8,30;8,314;6509000;54114700;5;
2018-12-20;8,35;8,44;8,35;8,38;8,35;8,37;8,377;10100000;84605000;4;
2018-12-19;8,40;8,50;8,34;8,45;8,34;8,44;8,431;17604524;148420418,68;10;
2018-12-18;8,37;8,46;8,34;8,45;8,34;8,42;8,396;26316034;220939885,6;15;
2018-12-17;8,28;8,32;8,34;8,34;8,34;8,34;8,34;5900000;49206000;2;
2018-12-14;8,30;8,40;8,20;8,37;8,20;8,36;8,278;13090000;108363400;9;
2018-12-13;8,03;;7,99;8,15;7,99;8,15;8,076;7562800;61077958;8;
2018-12-12;8,00;8,09;8,06;8,06;8,03;8,03;8,048;6000000;48285000;4;
2018-12-11;8,04;8,14;8,12;8,12;8,07;8,07;8,103;4500000;36465000;3;
2018-12-10;8,13;8,24;8,22;8,22;8,17;8,17;8,19;14300000;117086000;6;
2018-12-07;8,23;8,34;8,21;8,32;8,15;8,285;8,235;38166489;314310649,14;21;
2018-12-06;8,16;8,25;8,085;8,23;8,085;8,17;8,158;40185006;327820499,02;11;
2018-12-05;8,02;8,12;8,10;8,10;8,06;8,07;8,075;9075000;73282500;6;
2018-12-04;8,15;8,21;8,29;8,30;8,21;8,21;8,257;14100000;116519000;8;
2018-12-03;8,29;8,36;8,34;8,39;8,29;8,29;8,322;25527238;212435292,48;11;
2018-11-30;8,22;8,32;8,20;8,38;8,20;8,27;8,297;42282495;350800698,9;31;
2018-11-29;7,67;7,76;7,78;7,85;7,65;7,74;7,767;17050000;132428500;18;
2018-11-28;7,95;8,02;7,94;8,07;7,89;7,96;7,953;14091500;112072585;15;
2018-11-27;7,95;8,05;8,20;8,20;7,94;8,02;8,094;30150000;244031000;23;
2018-11-26;8,22;8,32;8,35;8,44;8,10;8,26;8,316;30610500;254568955;21;
2018-11-23;8,39;8,48;8,45;8,45;8,435;8,435;8,436;4237570;35746994,58;4;
2018-11-22;8,43;8,52;8,475;8,475;8,45;8,45;8,475;2012000;17051400;2;
2018-11-21;8,42;8,54;8,52;8,52;8,43;8,43;8,497;16356605;138976114,6;14;
2018-11-20;8,43;8,52;8,30;8,47;8,30;8,47;8,42;27535558;231854065,1;14;
2018-11-19;8,21;8,27;8,20;8,25;8,20;8,25;8,239;2026511;16696390,2;3;
2018-11-16;8,20;8,30;7,94;8,25;7,94;8,25;8,122;28675398;233163275,12;21;
2018-11-15;7,91;8,02;7,72;7,94;7,72;7,94;7,883;24181273;190622181,4;12;
2018-11-14;7,72;7,81;;;;7,73;;;;0;
2018-11-13;7,70;7,81;7,89;7,89;7,73;7,73;7,764;7566500;59125585;6;
2018-11-12;7,80;7,87;7,79;7,85;7,79;7,84;7,84;5859434;45937962,56;6;
2018-11-09;7,80;7,84;7,80;7,82;7,80;7,82;7,814;5133600;40092080;3;
2018-11-08;7,75;7,85;7,80;7,80;7,80;7,80;7,80;5600000;43680000;2;
2018-11-07;7,78;7,86;7,54;7,88;7,54;7,78;7,674;20977433;160766148,66;22;
2018-11-06;7,55;7,65;7,71;7,71;7,62;7,62;7,622;9845656;75041898,72;5;
2018-11-05;7,65;7,75;7,70;7,92;7,46;7,65;7,739;55817500;430835795;37;
2018-11-02;7,38;7,45;7,30;7,41;7,29;7,38;7,356;17618995;129748183,1;11;
2018-11-01;7,35;7,42;7,38;7,415;7,37;7,37;7,399;7526050;55684488,5;6;
2018-10-31;7,32;7,40;7,27;7,40;7,27;7,40;7,341;6723461;49354052,63;5;
2018-10-30;7,28;7,35;7,40;7,42;7,27;7,27;7,387;9203066;67984543,97;6;
2018-10-29;7,40;7,49;7,50;7,50;7,41;7,41;7,431;3108000;23096000;4;
2018-10-26;7,46;7,56;7,45;7,56;7,45;7,56;7,464;12571000;93830160;5;
2018-10-25;7,40;7,48;7,34;7,43;7,34;7,43;7,388;5600456;41374182,33;6;
2018-10-24;7,33;7,42;7,42;7,47;7,36;7,36;7,403;6977857;51656577,52;5;
2018-10-23;7,46;7,56;7,67;7,67;7,50;7,50;7,63;14842420;113244346,8;11;
2018-10-22;7,71;7,78;7,72;7,72;7,72;7,72;7,72;380000;2933600;1;
2018-10-19;7,78;7,89;7,73;7,89;7,70;7,78;7,777;14775700;114913545;10;
2018-10-18;7,68;7,79;7,60;7,70;7,60;7,70;7,699;8109500;62436340;6;
2018-10-17;7,60;7,66;7,74;7,74;7,61;7,61;7,696;6119901;47096834,73;5;
2018-10-16;7,74;7,80;7,795;7,795;7,74;7,77;7,768;4500000;34957500;3;
2018-10-15;7,74;7,85;7,81;7,81;7,75;7,75;7,801;3500000;27305000;3;
2018-10-12;7,82;7,91;7,905;7,91;7,87;7,87;7,886;11500000;90690000;4;
2018-10-11;7,85;7,94;7,90;8,00;7,90;7,91;7,945;12500000;99310000;5;
2018-10-10;7,95;8,06;7,92;8,00;7,92;8,00;7,98;18073529;144222349,68;7;
2018-10-09;7,88;7,94;7,90;7,90;7,89;7,89;7,893;6000000;47355000;2;
2018-10-08;7,90;8,01;8,01;8,01;7,94;7,94;8,00;16160420;129288104,2;8;
2018-10-05;7,90;7,98;7,89;7,98;7,89;7,98;7,948;12031446;95629995,7;6;
2018-10-04;7,82;7,89;7,80;7,87;7,80;7,87;7,825;14092558;110272937,98;10;
2018-10-03;7,70;7,80;7,82;7,82;7,70;7,70;7,781;5000000;38905000;4;
2018-10-02;7,80;7,88;;;;7,81;;31300;245392;1;
2018-10-01;7,78;7,88;7,77;7,83;7,77;7,81;7,811;22000000;171850000;6;
2018-09-28;7,72;7,81;;;;7,75;;;;0;
2018-09-27;7,75;7,81;7,75;7,75;7,75;7,75;7,75;900000;6975000;1;
2018-09-26;7,75;7,84;7,79;7,79;7,75;7,75;7,78;1122920;8736630;3;
2018-09-25;7,75;7,86;7,85;7,85;7,75;7,75;7,81;9454169;73840984,82;10;
2018-09-24;7,85;7,95;;;;7,86;;;;0;
2018-09-21;7,85;7,95;7,90;7,90;7,85;7,86;7,897;7509700;59261285;6;
2018-09-20;7,88;7,98;7,96;7,98;7,94;7,98;7,952;9550000;75944000;6;
2018-09-19;7,99;8,08;7,99;8,08;7,99;8,08;8,004;64000;512260;2;
2018-09-18;7,99;8,08;8,10;8,15;8,00;8,10;8,065;23089411;186222429,1;13;
2018-09-17;8,05;8,15;8,06;8,10;7,97;8,10;8,08;4510000;36439700;4;
2018-09-14;7,93;8,01;7,95;8,04;7,87;7,96;7,985;29619884;236525920,48;26;
2018-09-13;7,67;7,78;7,63;7,78;7,45;7,78;7,608;50987239;387926912,26;40;
2018-09-12;7,51;7,61;7,35;7,56;7,31;7,56;7,432;24887235;184973051,65;19;
2018-09-11;7,25;7,35;7,66;7,66;7,30;7,33;7,427;29926935;222420536,65;28;
2018-09-10;7,67;7,75;7,80;7,80;7,70;7,70;7,711;36877665;284336637,15;9;
2018-09-07;7,84;7,91;7,91;7,91;7,86;7,86;7,89;11123000;87756700;8;
2018-09-06;7,90;8,01;7,955;7,955;7,90;7,90;7,945;764000;6069975;2;
2018-09-05;7,90;8,00;8,01;8,01;7,98;7,98;7,991;3000000;23972205,87;3;
2018-09-04;8,01;8,08;8,01;8,01;8,01;8,01;8,01;294411;2358232,11;2;
2018-09-03;8,01;8,05;8,01;8,01;8,01;8,01;8,01;26245;210222,45;2;
2018-08-31;8,01;8,08;8,01;8,045;8,01;8,045;8,044;3073529;24723967,29;2;
2018-08-30;7,96;8,06;8,00;8,00;8,00;8,00;8,00;4020000;32280000;2;
2018-08-29;8,00;8,04;8,03;8,03;8,00;8,00;8,025;3030000;24315000;3;
2018-08-28;8,10;8,16;8,01;8,12;8,01;8,12;8,084;16200000;130959000;6;
2018-08-27;8,18;8,29;8,38;8,38;8,19;8,19;8,317;14095000;117233050;9;
2018-08-24;8,44;8,55;;;;8,49;;;;0;
2018-08-23;8,46;8,55;8,55;8,55;8,49;8,49;8,514;3750000;31927500;3;
2018-08-22;8,53;8,64;8,60;8,60;8,52;8,55;8,594;9244883;79380983,16;9;
2018-08-21;8,61;8,69;8,655;8,67;8,60;8,655;8,648;10810000;93498050;7;
2018-08-20;8,59;8,67;8,59;8,59;8,59;8,59;8,59;440800;3786472;1;
2018-08-17;8,59;8,71;8,59;8,82;8,59;8,62;8,703;19168580;166821159,6;16;
2018-08-16;8,36;8,47;8,18;8,47;8,18;8,47;8,297;42114300;349403830,5;16;
2018-08-15;8,10;8,18;8,15;8,15;8,15;8,15;8,15;4500000;36675000;2;
2018-08-14;8,10;8,17;8,12;8,12;8,06;8,12;8,12;10605829;86114058,74;6;
2018-08-13;8,10;8,17;;;;8,12;;;;0;
2018-08-10;8,06;8,17;8,12;8,12;8,12;8,12;8,12;5500000;44660000;3;
2018-08-09;8,05;8,15;8,15;8,15;8,15;8,15;8,15;4000;32600;1;
2018-08-08;8,05;8,15;8,10;8,10;8,09;8,10;8,097;10500000;85030000;4;
2018-08-07;8,03;8,15;8,10;8,10;8,10;8,10;8,10;2500000;20250000;1;
2018-08-03;8,05;8,13;8,06;8,08;8,06;8,08;8,073;4000000;32290000;2;
2018-08-02;7,98;8,06;7,97;7,97;7,97;7,97;7,97;356706;2848946,82;2;
2018-08-01;7,98;8,06;8,03;8,03;7,97;8,015;8,018;4438529;35589276,13;4;
2018-07-31;8,09;8,17;8,125;8,125;8,125;8,125;8,125;1500000;12187500;1;
2018-07-30;8,03;8,09;8,20;8,27;8,08;8,09;8,162;5366497;43726561,74;7;
2018-07-27;8,20;8,30;8,30;8,30;8,25;8,25;8,30;3296834;27361972,2;4;
2018-07-26;8,30;8,42;8,32;8,36;8,32;8,36;8,352;778000;6498080;3;
2018-07-25;8,35;8,42;;;;8,33;;1676000;14111920;1;
2018-07-24;8,34;8,42;;;;8,33;;;;0;
2018-07-23;8,33;8,40;8,33;8,33;8,33;8,33;8,33;16000;133280;1;
2018-07-20;8,33;8,42;8,375;8,375;8,375;8,375;8,375;4500000;37687500;2;
2018-07-19;8,33;8,42;8,34;8,42;8,33;8,35;8,387;17500000;146770000;8;
2018-07-18;8,32;8,40;8,39;8,40;8,38;8,39;8,384;6262040;52418723,2;7;
2018-07-17;8,40;8,50;8,60;8,60;8,49;8,49;8,562;7500000;64215000;5;
2018-07-16;8,60;8,72;;;;8,63;;;;0;
2018-07-13;8,63;8,65;8,65;8,65;8,63;8,63;8,648;1120358;9688629,54;4;
2018-07-12;8,65;8,70;8,70;8,70;8,70;8,70;8,70;7211900;62743530;2;
2018-07-11;8,65;8,76;8,70;8,90;8,70;8,72;8,795;18223029;160276252,3;12;
2018-07-10;8,70;8,80;;;;8,73;;;;0;
2018-07-09;8,71;8,74;8,72;8,76;8,65;8,73;8,712;16090000;140173000;12;
2018-07-06;8,75;8,87;;;;8,88;;1;8,75;1;
2018-07-05;8,75;8,88;8,82;8,88;8,82;8,88;8,82;6733874;59394457,68;3;
2018-07-04;8,75;8,88;;;;8,82;;;;0;
2018-07-03;8,75;8,88;8,83;8,885;8,78;8,82;8,82;7290000;64297500;9;
2018-07-02;8,89;8,94;8,89;8,89;8,885;8,885;8,887;1351156;12008326,84;2;
2018-06-29;8,85;8,94;8,67;8,89;8,67;8,89;8,83;39365943;348118471,72;17;
2018-06-28;8,65;8,74;9,00;9,00;8,69;8,72;8,79;18059440;158746988;13;
2018-06-27;8,92;9,05;9,115;9,115;9,00;9,05;9,006;7490000;67430100;8;
2018-06-26;9,07;9,17;9,24;9,24;9,12;9,12;9,12;3001550;27374322;3;
2018-06-25;9,21;9,27;;;;9,29;;73000;674520;1;
2018-06-22;9,19;9,30;9,29;9,29;9,29;9,29;9,29;6260000;58135400;3;
2018-06-21;9,18;9,30;9,28;9,29;9,27;9,29;9,276;3232000;29980280;3;
2018-06-20;9,31;9,41;9,36;9,36;9,36;9,36;9,36;8510000;79638600;4;
2018-06-19;9,30;9,41;9,30;9,30;9,30;9,30;9,30;107768;1002242,4;2;
2018-06-18;9,28;9,41;9,38;9,38;9,38;9,38;9,38;4116000;38608080;3;
2018-06-15;9,39;9,52;9,64;9,64;9,45;9,45;9,514;5500000;52325000;4;
2018-06-14;9,50;9,61;9,58;9,63;9,50;9,50;9,57;6766065;64858620,76;6;
2018-06-13;9,42;9,56;9,43;9,50;9,40;9,50;9,47;10777503;102062253,25;9;
2018-06-12;9,28;9,40;9,25;9,40;9,25;9,40;9,33;2262217;21107066,24;6;
2018-06-11;9,25;9,30;9,32;9,33;9,25;9,25;9,316;9510000;88593200;5;
2018-06-08;9,32;9,42;9,30;9,30;9,30;9,30;9,30;83500;776550;1;
2018-06-07;9,30;9,42;9,45;9,55;9,30;9,30;9,435;10015010;94489595,5;5;
2018-06-06;9,43;9,55;9,43;9,50;9,43;9,45;9,454;6332558;59865201,94;7;
2018-06-05;9,44;9,55;;;;9,48;;;;0;
2018-06-04;9,45;9,54;9,50;9,50;9,48;9,48;9,48;3000000;28441000;3;
2018-06-01;9,50;9,57;9,44;9,55;9,41;9,51;9,489;17600000;167010000;11;
2018-05-31;9,50;9,58;9,61;9,61;9,50;9,50;9,564;10400000;99465000;6;
2018-05-30;9,61;9,69;9,69;9,70;9,65;9,65;9,671;5210000;50385500;4;
2018-05-29;9,66;9,80;9,72;9,72;9,72;9,72;9,72;25000000;243000000;1;
2018-05-28;9,66;9,80;;;;9,66;;;;0;
2018-05-25;9,67;9,80;9,715;9,77;9,66;9,66;9,714;10254800;99536964;7;
2018-05-24;9,69;9,80;9,77;9,77;9,67;9,74;9,735;9835430;95752088,2;7;
2018-05-23;9,70;9,84;;;;9,83;;;;0;
2018-05-22;9,76;9,90;9,88;9,935;9,83;9,83;9,856;3019000;29753765;4;
2018-05-18;9,90;10,00;9,955;9,955;9,93;9,93;9,939;6333799;62952969,05;2;
2018-05-17;9,90;10,01;9,89;10,04;9,85;10,04;9,978;38208116;381251314,64;12;
2018-05-16;9,89;10,01;9,90;9,90;9,89;9,89;9,90;2573421;25476133,69;3;
2018-05-15;9,90;10,02;10,02;10,02;9,90;9,90;9,964;6508911;64851414,45;8;
2018-05-14;9,85;9,98;9,87;9,96;9,87;9,96;9,918;7500000;74385000;5;
2018-05-11;9,70;9,83;9,73;9,83;9,66;9,83;9,747;8098932;78937423,96;11;
2018-05-09;9,75;9,87;9,81;9,94;9,71;9,75;9,804;17701293;174256040,31;11;
2018-05-08;9,84;9,95;9,85;9,90;9,80;9,90;9,873;6772500;66861250;7;
2018-05-07;9,95;10,08;10,00;10,00;9,96;9,96;9,996;6737212;67403036,04;5;
2018-05-04;10,02;10,12;10,00;10,06;10,00;10,02;10,052;15244151;153230143,02;7;
2018-05-03;9,95;10,05;10,02;10,05;10,02;10,05;10,05;13080558;131457191,16;2;
2018-05-02;9,92;10,04;9,99;9,99;9,95;9,95;9,95;13502000;134344980;4;
2018-04-30;9,92;10,04;9,98;9,99;9,96;9,99;9,983;8000000;79860000;3;
2018-04-27;10,00;10,09;10,10;10,10;10,04;10,09;10,085;21000000;211330000;6;
2018-04-26;10,00;10,35;10,20;10,20;10,20;10,20;10,20;4509800;45999960;4;
2018-04-25;10,20;10,35;10,28;10,28;10,26;10,275;10,275;8081478;83047371,2;5;
2018-04-24;10,28;10,41;10,39;10,40;10,33;10,40;10,374;5646300;58573550;4;
2018-04-23;10,33;10,45;10,40;10,40;10,33;10,33;10,394;8787624;91358452,46;5;
2018-04-20;10,33;10,44;10,45;10,45;10,40;10,45;10,422;11000000;114570000;6;
2018-04-18;10,26;10,40;10,29;10,35;10,29;10,35;10,293;26964000;277550235;4;
2018-04-17;10,24;10,35;10,17;10,35;10,17;10,35;10,268;57049500;585777325;9;
2018-04-16;10,06;10,17;10,06;10,14;10,06;10,08;10,083;50637000;510528700;6;
2018-04-13;9,96;10,03;9,985;10,00;9,94;9,995;9,994;18045000;180349800;6;
2018-04-12;9,92;10,00;9,90;9,98;9,90;9,98;9,95;21723529;216134437,1;8;
2018-04-11;9,82;9,94;9,82;9,82;9,82;9,82;9,82;72964;716506,48;2;
2018-04-10;9,82;9,94;9,82;9,94;9,82;9,94;9,879;9635000;95179900;6;
2018-04-09;9,70;9,84;9,80;9,80;9,80;9,80;9,80;5047305;49263589;2;
2018-04-06;9,75;9,80;9,72;9,80;9,72;9,80;9,774;16000000;156380000;3;
2018-04-05;9,75;9,84;9,78;9,78;9,72;9,72;9,779;3333600;32597592;3;
2018-04-04;9,72;9,84;9,80;9,80;9,72;9,78;9,78;37990000;371656800;12;
2018-04-03;9,80;9,90;9,85;9,90;9,80;9,90;9,866;3541935;34945689,75;4;
2018-03-28;9,82;9,94;9,88;9,94;9,88;9,88;9,907;11100000;109968000;3;
2018-03-27;9,86;9,98;9,88;9,88;9,87;9,87;9,873;163352;1612764,24;4;
2018-03-26;9,84;9,94;9,82;9,98;9,80;9,98;9,883;35414557;350028570,88;12;
2018-03-23;9,70;9,82;9,72;9,81;9,70;9,81;9,752;24598750;239946525;10;
2018-03-22;9,93;10,05;10,15;10,15;10,00;10,00;10,103;21796915;220011422,2;8;
2018-03-21;10,05;10,17;10,12;10,15;10,07;10,10;10,126;4796000;48520720;5;
2018-03-20;9,99;10,12;10,00;10,055;9,99;9,99;10,049;12704786;127672824,7;6;
2018-03-19;9,98;10,08;9,95;10,00;9,95;10,00;9,956;274381;2731726,2;2;
2018-03-16;9,96;10,09;9,96;10,09;9,85;10,09;10,005;15846129;158537131,65;10;
2018-03-15;9,85;9,94;9,84;9,87;9,84;9,87;9,841;342097;3366465,48;2;
2018-03-14;9,80;9,94;9,94;10,10;9,84;9,84;9,98;23923952;238752880,29;23;
2018-03-13;9,83;9,93;9,89;9,93;9,80;9,90;9,90;9772200;96743560;6;
2018-03-12;9,89;9,95;9,95;9,95;9,95;9,95;9,95;14500000;144275000;4;
2018-03-09;9,95;10,09;10,09;10,09;10,09;10,09;10,09;1000;10090;1;
2018-03-08;9,99;10,10;10,19;10,19;9,99;9,99;10,049;3057078;30721604,82;4;
2018-03-07;10,05;10,17;10,10;10,17;10,10;10,17;10,106;4902900;49548340;8;
2018-03-06;10,14;10,26;10,25;10,26;10,14;10,26;10,248;716000;7337360;3;
2018-03-05;10,15;10,23;10,20;10,20;10,15;10,15;10,19;8991200;91048386;5;
2018-03-02;10,05;10,18;10,09;10,09;10,08;10,09;10,09;13530000;136517400;4;
2018-03-01;9,98;10,09;10,08;10,09;10,08;10,08;10,082;15118700;152004996;8;
2018-02-28;9,97;10,08;9,55;9,99;9,55;9,97;9,761;16594469;161972016,78;14;
2018-02-27;9,65;9,79;9,82;9,82;9,68;9,69;9,697;3992550;38713724;7;
2018-02-26;9,75;9,89;9,84;9,84;9,75;9,82;9,83;5360080;52690780;4;
2018-02-23;9,75;9,89;9,82;9,84;9,71;9,84;9,816;6366000;62491020;6;
2018-02-22;9,83;9,93;9,94;9,94;9,94;9,94;9,94;5063700;50328719;2;
2018-02-21;9,83;9,94;9,83;9,98;9,83;9,91;9,892;10582430;104676881,3;9;
2018-02-20;9,74;9,79;9,81;9,81;9,74;9,74;9,778;19020000;185913250;13;
2018-02-19;9,88;10,00;9,97;9,97;9,88;9,88;9,911;5400000;53521400;8;
2018-02-16;9,88;10,00;9,90;10,00;9,86;10,00;9,907;3312100;32813978;6;
2018-02-15;9,93;10,03;9,97;9,97;9,96;9,96;9,96;13090000;130467300;7;
2018-02-14;10,00;10,10;9,99;10,00;9,99;9,99;9,999;864979;8649196,09;3;
2018-02-13;10,00;10,10;10,13;10,13;10,03;10,10;10,102;18003800;181875417;12;
2018-02-12;10,13;10,27;10,28;10,28;10,10;10,15;10,141;33905381;344924063,32;12;
2018-02-09;10,15;10,25;10,00;10,20;10,00;10,20;10,102;32848719;332814655;17;
2018-02-08;10,06;10,20;10,26;10,27;10,15;10,15;10,215;12619209;128774971,35;10;
2018-02-07;10,10;10,20;10,15;10,15;10,07;10,10;10,149;7579411;76925551,1;5;
2018-02-06;10,00;10,12;10,00;10,12;9,95;9,95;10,029;12959396;129965471,78;12;
2018-02-05;10,10;10,22;10,36;10,36;10,15;10,17;10,181;12557150;127747074;9;
2018-02-02;10,25;10,38;10,39;10,39;10,38;10,38;10,389;4379000;45298020;3;
2018-02-01;10,26;10,39;10,39;10,39;10,325;10,325;10,325;7437000;76787480;5;
2018-01-31;10,30;10,45;10,54;10,54;10,30;10,30;10,408;15342978;159727195,4;11;
2018-01-30;10,41;10,55;10,55;10,55;10,475;10,54;10,529;5527100;58248605;6;
2018-01-29;10,42;10,54;10,36;10,49;10,35;10,49;10,417;21333000;224106470;8;
2018-01-26;10,45;10,60;10,74;10,74;10,45;10,59;10,556;13571613;143263505,85;10;
2018-01-25;10,65;10,75;10,65;10,73;10,65;10,65;10,691;30157038;322400153,06;12;
2018-01-24;10,58;10,69;10,65;10,69;10,53;10,69;10,649;12166000;129550500;13;
2018-01-23;10,60;10,64;10,60;10,64;10,56;10,64;10,563;16240440;171581405,61;7;
2018-01-22;10,50;10,58;10,55;10,59;10,54;10,59;10,545;7149833;75388274,85;5;
2018-01-19;10,42;10,55;10,50;10,55;10,42;10,55;10,497;9784333;103020399,86;10;
2018-01-18;10,52;10,65;10,64;10,65;10,56;10,56;10,598;27543292;291320449,8;11;
2018-01-17;10,50;10,64;10,55;10,64;10,55;10,60;10,605;13550000;143695000;12;
2018-01-16;10,38;10,50;10,41;10,41;10,35;10,41;10,385;12500000;129885000;5;
2018-01-15;10,41;10,56;10,56;10,56;10,56;10,56;10,56;4500000;47520000;1;
2018-01-12;10,42;10,56;10,45;10,505;10,45;10,505;10,473;17473000;183508460;6;
2018-01-11;10,45;10,56;10,49;10,52;10,35;10,50;10,451;29653422;309884136,1;18;
2018-01-10;10,37;10,49;10,46;10,46;10,37;10,43;10,437;13952117;145322933,29;7;
2018-01-09;10,31;10,45;10,19;10,40;10,19;10,31;10,241;26346000;269824560;18;
2018-01-08;10,05;10,17;10,11;10,115;10,11;10,115;10,113;7743000;78306730;4;
2018-01-05;10,05;10,18;10,13;10,13;10,115;10,115;10,124;4500000;45570000;3;
2018-01-04;10,00;10,12;10,07;10,07;10,05;10,05;10,065;18000000;181130000;4;
2018-01-03;10,01;10,12;10,05;10,07;10,05;10,07;10,068;22513200;226637548,5;8;
2018-01-02;10,03;10,18;10,11;10,11;10,10;10,10;10,101;1835558;18565441,38;3;
2017-12-29;10,12;10,21;10,17;10,20;10,17;10,20;10,178;5492501;55981530,9;6;
2017-12-28;10,12;10,21;10,12;10,21;10,12;10,165;10,142;5415480;55098984,4;6;
2017-12-27;10,15;10,25;10,15;10,225;10,15;10,225;10,221;10528974;107506154,93;6;
2017-12-22;10,15;10,30;10,09;10,20;10,09;10,20;10,165;26111000;265050530;11;
2017-12-21;10,00;10,09;10,05;10,05;10,05;10,05;10,05;2648000;26611160;3;
2017-12-20;10,00;10,09;10,075;10,075;10,00;10,045;10,042;6165000;61907925;3;
2017-12-19;10,00;10,15;10,04;10,075;10,00;10,00;10,064;16160000;162650000;8;
2017-12-18;9,91;9,99;9,92;9,99;9,87;9,90;9,945;6575353;65393093,7;6;
2017-12-15;10,02;10,15;10,02;10,02;10,02;10,02;10,02;1246000;12484920;3;
2017-12-14;10,03;10,10;10,10;10,10;10,03;10,04;10,076;4768000;48043040;3;
2017-12-13;10,02;10,15;10,06;10,06;10,02;10,02;10,059;8162028;82101619,88;4;
2017-12-12;10,06;10,20;10,07;10,15;10,06;10,06;10,094;17192972;173542560,82;9;
2017-12-11;9,90;10,03;10,03;10,03;10,03;10,03;10,03;2587304;25950659,15;3;
2017-12-08;9,95;10,08;;;;10,06;;;;0;
2017-12-07;9,97;10,07;10,06;10,06;10,06;10,06;10,06;6542000;65808740;3;
2017-12-06;9,90;10,04;10,02;10,03;10,02;10,03;10,021;1727000;17306810;3;
2017-12-05;9,96;10,08;10,02;10,02;9,95;9,95;10,019;6330000;63421000;4;
2017-12-04;9,95;10,09;10,00;10,05;9,97;9,97;10,025;49910559;500435301,18;13;
2017-12-01;9,95;10,09;10,09;10,09;10,05;10,05;10,051;1551000;15587590;3;
2017-11-30;9,98;10,09;10,10;10,10;10,00;10,00;10,063;14597185;146556906,3;8;
2017-11-29;10,10;10,24;10,10;10,10;10,10;10,10;10,10;1479260;14940526;3;
2017-11-28;10,11;10,24;10,20;10,25;10,17;10,24;10,205;19801000;202237240;9;
2017-11-27;9,96;10,09;10,05;10,07;10,05;10,07;10,06;8080558;81289607,9;5;
2017-11-24;10,05;10,19;10,06;10,06;10,06;10,06;10,06;50000;503000;2;
2017-11-23;10,06;10,20;10,13;10,13;10,13;10,13;10,13;5200000;52676000;2;
2017-11-22;10,10;10,20;10,10;10,20;10,10;10,10;10,134;13162954;133390835,4;12;
2017-11-21;10,13;10,25;10,35;10,35;10,13;10,13;10,192;7401500;75438813,16;8;
2017-11-20;10,20;10,35;10,35;10,35;10,25;10,35;10,296;2477231;25504903,04;6;
2017-11-17;10,20;10,30;10,35;10,35;10,30;10,35;10,327;4597619;47480356,65;7;
2017-11-16;10,35;10,49;10,35;10,49;10,35;10,49;10,386;16574529;171846515,15;8;
2017-11-15;10,27;10,39;10,30;10,39;10,25;10,27;10,328;10653344;110022962,88;9;
2017-11-14;10,35;10,50;10,42;10,50;10,35;10,50;10,437;10172176;106168021,74;7;
2017-11-13;10,35;10,44;10,45;10,45;10,35;10,35;10,43;4294907;44797377,45;5;
2017-11-10;10,35;10,49;10,49;10,49;10,49;10,49;10,49;581000;6094690;2;
2017-11-09;10,35;10,48;10,30;10,47;10,30;10,47;10,403;18820541;195774018,19;14;
2017-11-08;10,15;10,28;10,10;10,25;10,10;10,20;10,20;6000000;61200000;4;
2017-11-07;10,01;10,10;9,985;10,09;9,985;10,01;10,017;16251080;162649919,18;10;
2017-11-06;9,95;10,04;9,88;10,04;9,87;9,95;9,972;16816080;167769532,6;12;
2017-11-03;9,82;9,87;9,785;9,815;9,785;9,815;9,80;2000000;19600000;2;
2017-11-02;9,70;9,81;9,81;9,94;9,70;9,75;9,771;26870724;262555762,18;12;
2017-11-01;9,81;9,94;10,07;10,07;9,90;9,90;9,927;8551000;84963570;8;
2017-10-31;9,95;10,07;10,11;10,15;9,95;9,95;10,066;9193494;92543787,54;10;
2017-10-30;10,05;10,16;10,12;10,12;10,05;10,11;10,111;14689075;148515985,58;6;
2017-10-27;10,02;10,11;10,10;10,10;10,05;10,10;10,09;12655068;127687831,8;12;
2017-10-26;10,12;10,20;10,20;10,20;10,16;10,19;10,187;11593086;118096193,34;6;
2017-10-25;10,20;10,34;10,30;10,43;10,25;10,25;10,288;6264710;64453425,3;7;
2017-10-24;10,35;10,43;10,35;10,35;10,35;10,35;10,35;7919591;82447766,85;3;
2017-10-23;10,40;10,43;10,40;10,43;10,40;10,43;10,401;6190800;64337544;6;
2017-10-20;10,42;10,55;10,44;10,50;10,44;10,50;10,481;12528500;131309250;5;
2017-10-19;10,25;10,38;;;;10,35;;8500000;87975000;2;
2017-10-18;10,33;10,40;10,40;10,40;10,30;10,35;10,316;1516000;15673050;5;
2017-10-17;10,30;10,40;10,40;10,40;10,27;10,30;10,35;14180000;146526200;10;
2017-10-16;10,40;10,50;10,59;10,645;10,54;10,54;10,59;18073529;191195350,95;8;
2017-10-13;10,57;10,71;10,85;10,865;10,63;10,71;10,715;33428540;355585014,2;16;
2017-10-12;10,82;10,94;10,96;10,96;10,94;10,94;10,96;6081097;66347201,18;5;
2017-10-11;10,80;10,89;10,855;10,89;10,855;10,89;10,864;43767182;473378611,98;9;
2017-10-10;10,68;10,74;10,68;10,715;10,68;10,71;10,712;2804000;30034220;4;
2017-10-09;10,65;10,76;10,76;10,76;10,76;10,76;10,76;3149000;33852240;2;
2017-10-06;10,70;10,80;10,66;10,75;10,60;10,75;10,703;11495857;123036337,75;7;
2017-10-05;10,68;10,79;10,65;10,79;10,65;10,79;10,72;21614143;227461627,97;16;
2017-10-04;10,55;10,64;10,50;10,60;10,50;10,595;10,565;17651000;186725600;11;
2017-10-03;10,10;10,20;10,15;10,16;10,10;10,10;10,14;12107449;122840734,9;11;
2017-10-02;9,95;10,00;9,95;10,00;9,95;10,00;9,999;11789234;118152466,43;5;
2017-09-29;9,94;10,04;9,95;10,05;9,95;10,05;10,01;4932597;49372599,85;2;
2017-09-28;9,95;10,04;9,97;10,00;9,95;9,95;9,962;3835500;38210000;3;
2017-09-27;9,86;9,94;9,94;9,94;9,90;9,915;9,927;4530000;44967450;3;
2017-09-26;9,81;9,93;9,87;9,87;9,87;9,87;9,87;4765653;47030995,11;2;
2017-09-25;9,82;9,93;9,90;9,90;9,82;9,82;9,869;4057500;40045920;5;
2017-09-22;9,82;9,95;9,78;9,95;9,78;9,88;9,839;6968000;68559288;8;
2017-09-21;9,62;9,74;9,67;9,68;9,44;9,68;9,596;20331248;195091353,35;18;
2017-09-20;9,65;9,79;10,05;10,05;9,65;9,79;9,861;6249751;61630997,55;9;
2017-09-19;9,95;10,05;10,20;10,20;10,05;10,05;10,066;3041500;30615915;4;
2017-09-18;10,17;10,20;10,05;10,17;10,05;10,17;10,141;2595187;26318929,35;3;
2017-09-15;10,15;10,20;10,38;10,45;10,00;10,11;10,21;40835949;417550065,75;37;
2017-09-14;10,65;10,73;10,60;10,70;10,55;10,65;10,677;25574091;273045569,15;11;
2017-09-13;10,50;10,59;10,475;10,55;10,475;10,55;10,529;19000000;199775000;6;
2017-09-12;10,40;10,55;10,70;10,70;10,50;10,50;10,538;4640187;48900000,9;6;
2017-09-11;10,55;10,62;10,44;10,69;10,44;10,59;10,596;29999793;316644329,19;15;
2017-09-08;10,25;10,35;10,20;10,32;10,15;10,30;10,231;18777852;191890862,24;10;
2017-09-07;10,05;10,20;9,99;10,19;9,99;10,12;10,124;20790195;210486154,25;13;
2017-09-06;9,86;9,99;9,89;9,94;9,85;9,94;9,902;7443000;73698800;8;
2017-09-05;9,87;10,00;9,87;10,00;9,87;9,87;9,922;13745558;136388407,46;9;
2017-09-04;9,71;9,84;10,07;10,07;9,80;9,84;9,905;21679677;214745556,68;23;
2017-09-01;10,07;10,20;10,21;10,21;10,00;10,11;10,11;11658264;117868554,6;14;
2017-08-31;10,07;10,15;10,12;10,12;10,06;10,06;10,116;3861795;38939657,7;5;
2017-08-30;10,01;10,15;10,10;10,13;10,03;10,03;10,085;4105170;41390970,1;7;
2017-08-29;9,96;10,04;10,055;10,055;9,80;9,94;9,928;23452500;232834330;25;
2017-08-28;10,00;10,11;10,10;10,10;10,10;10,10;10,10;3337000;33677540;5;
2017-08-25;10,10;10,25;10,34;10,41;10,20;10,20;10,279;15405000;158349050;11;
2017-08-24;10,19;10,32;9,74;10,21;9,74;10,21;9,976;26959964;268945954,2;16;
2017-08-23;9,71;9,81;10,05;10,05;9,70;9,70;9,884;37498009;370543030,33;31;
2017-08-22;10,05;10,20;10,24;10,24;10,10;10,12;10,177;17225800;175226152;12;
2017-08-21;10,35;10,45;10,35;10,35;10,35;10,35;10,35;73529;761025,15;1;
2017-08-18;10,40;10,55;10,585;10,60;10,50;10,50;10,528;12033000;126687300;9;
2017-08-17;10,52;10,67;10,485;10,595;10,48;10,595;10,527;30639200;323013524;13;
2017-08-16;10,42;10,53;10,35;10,535;10,32;10,475;10,445;40635500;424305125;19;
2017-08-15;10,25;10,38;10,50;10,50;10,32;10,32;10,377;5576000;57861452,1;9;
2017-08-14;10,41;10,50;10,65;10,65;10,45;10,50;10,547;13519000;142579500;10;
2017-08-11;10,68;10,80;10,70;10,70;10,70;10,70;10,70;1871000;20019700;3;
2017-08-10;10,65;10,80;10,70;10,70;10,70;10,70;10,70;110000;1177000;2;
2017-08-09;10,70;10,80;;;;10,70;;;;0;
2017-08-08;10,70;10,80;10,70;10,70;10,70;10,70;10,70;3000000;32100000;2;
2017-08-04;10,80;10,90;11,06;11,06;10,80;10,80;10,904;8007802;87214277,66;9;
2017-08-03;10,91;11,05;10,86;11,00;10,86;11,00;10,95;7534825;82510681,08;9;
2017-08-02;10,70;10,75;10,525;10,85;10,525;10,70;10,685;26427392;282381122,06;21;
2017-08-01;10,51;10,60;10,55;10,555;10,51;10,555;10,541;927000;9771321,42;5;
2017-07-31;10,50;10,60;10,50;10,60;10,50;10,50;10,512;2554210;26848482,1;5;
2017-07-28;10,51;10,60;;;;10,53;;;;0;
2017-07-27;10,53;10,60;10,53;10,565;10,53;10,53;10,563;2631000;27791930;3;
2017-07-26;10,54;10,60;10,55;10,58;10,53;10,53;10,576;7027827;74323018,31;4;
2017-07-25;10,50;10,60;;;;10,55;;;;0;
2017-07-24;10,50;10,60;10,55;10,55;10,55;10,55;10,55;3137439;33099981,45;3;
2017-07-21;10,56;10,67;10,55;10,56;10,55;10,56;10,552;409713;4323277,73;3;
2017-07-20;10,55;10,67;10,66;10,66;10,55;10,55;10,654;3101421;33041294,99;4;
2017-07-19;10,66;10,80;10,725;10,725;10,66;10,66;10,714;7688555;82372496,3;3;
2017-07-18;10,65;10,80;;;;10,80;;;;0;
2017-07-17;10,65;10,80;10,65;10,80;10,65;10,80;10,793;1568617;16930771,05;4;
2017-07-14;10,65;10,75;10,65;10,65;10,65;10,65;10,65;743298;7916123,7;5;
2017-07-13;10,70;10,80;10,75;10,87;10,70;10,70;10,788;9002000;97116500;8;
2017-07-12;10,70;10,80;10,70;10,70;10,70;10,70;10,70;409602;4382741,4;2;
2017-07-11;10,70;10,86;10,85;10,85;10,80;10,80;10,839;7280000;78899000;5;
2017-07-10;10,80;10,94;10,78;10,83;10,78;10,83;10,83;2645600;28651348;3;
2017-07-07;10,70;10,83;10,95;10,95;10,80;10,80;10,801;4025000;43583750;4;
2017-07-06;10,77;10,91;10,75;10,91;10,71;10,91;10,747;13816155;148477793,55;10;
2017-07-05;10,98;11,00;11,055;11,055;10,97;10,97;11,007;5503636;60564923,28;9;
2017-07-04;10,98;11,13;11,15;11,26;11,02;11,02;11,111;12972435;144136258,1;13;
2017-07-03;10,99;11,15;11,30;11,30;10,99;10,99;11,224;12408376;138229411,2;10;
2017-06-30;11,31;11,41;11,40;11,40;11,35;11,35;11,384;7727558;87967532,69;8;
2017-06-29;11,39;11,52;11,35;11,44;11,35;11,39;11,393;16070455;183082482,45;9;
2017-06-28;11,20;11,34;11,45;11,45;11,06;11,31;11,326;23781626;269357449,64;24;
2017-06-27;11,45;11,62;11,60;11,60;11,45;11,45;11,564;2670411;30881205,95;4;
2017-06-26;11,60;11,75;11,75;11,75;11,60;11,60;11,694;4000000;46775000;3;
2017-06-23;11,77;11,87;11,90;11,90;11,80;11,80;11,875;7930000;94166500;6;
2017-06-22;11,86;12,02;12,02;12,02;11,95;11,95;12,018;5138000;61749100;2;
2017-06-21;11,86;12,02;11,90;11,95;11,86;11,86;11,902;8838438;105002865,06;7;
2017-06-20;11,93;11,95;11,95;12,00;11,90;11,93;11,957;10386400;124184552;9;
2017-06-19;11,95;12,07;12,10;12,15;11,95;11,95;12,094;15921900;192561705;11;
2017-06-16;12,12;12,13;12,18;12,18;12,13;12,13;12,179;1025000;12483250;2;
2017-06-15;12,12;12,28;12,12;12,18;12,095;12,18;12,124;20950000;254331500;8;
2017-06-14;12,18;12,33;12,21;12,255;12,18;12,18;12,222;3868626;47281776,42;9;
2017-06-13;12,15;12,32;12,19;12,32;12,17;12,17;12,28;7723000;94841160;5;
2017-06-12;12,20;12,33;12,33;12,33;12,33;12,33;12,33;1555500;19066815;3;
2017-06-09;12,15;12,33;12,20;12,33;12,20;12,33;12,23;150800;1843690;6;
2017-06-08;12,20;12,33;12,10;12,24;12,10;12,24;12,17;21500000;261650000;9;
2017-06-07;12,00;12,12;12,20;12,20;12,05;12,05;12,071;5109118;61668827,8;7;
2017-06-06;12,12;12,18;12,12;12,12;12,12;12,12;12,12;6590000;79870800;4;
2017-06-02;12,04;12,18;12,18;12,18;12,09;12,11;12,087;4921000;59481040;4;
2017-06-01;12,12;12,28;12,30;12,33;12,20;12,20;12,304;27500000;338355000;10;
2017-05-31;12,16;12,30;12,40;12,40;12,07;12,25;12,189;16248000;198053160;11;
2017-05-30;12,30;12,48;12,60;12,68;12,36;12,43;12,398;17202050;213268486;12;
2017-05-29;12,56;12,68;12,665;12,665;12,56;12,56;12,621;2700000;34077000;3;
2017-05-26;12,60;12,77;12,60;12,60;12,60;12,60;12,60;497000;6262200;1;
2017-05-24;12,62;12,78;12,74;12,76;12,68;12,68;12,721;9937000;126405810;7;
2017-05-23;12,75;12,89;12,80;12,80;12,75;12,75;12,80;30055000;384701250;2;
2017-05-22;12,73;12,87;12,77;12,82;12,69;12,81;12,792;12900258;165016470,56;8;
2017-05-19;12,72;12,81;12,73;12,81;12,72;12,81;12,747;25703648;327737565,5;14;
2017-05-18;12,57;12,73;12,70;12,71;12,57;12,60;12,624;41376895;522337711,65;12;
2017-05-17;12,59;12,73;12,66;12,71;12,59;12,70;12,692;5076888;64433453,2;6;
2017-05-16;12,38;12,55;12,60;12,60;12,45;12,45;12,465;5739666;71663191,6;6;
2017-05-15;12,60;12,65;12,60;12,60;12,60;12,60;12,60;4000000;50400000;1;
2017-05-12;12,48;12,61;12,48;12,54;12,48;12,48;12,526;13076507;163568819,36;11;
2017-05-11;12,48;12,63;12,48;12,63;12,39;12,48;12,492;14977300;187089526,5;13;
2017-05-10;12,54;12,70;12,72;12,79;12,54;12,54;12,647;17159300;217019016;12;
2017-05-09;12,63;12,80;12,60;12,67;12,60;12,63;12,627;18847367;237982911,11;10;
2017-05-08;12,45;12,58;12,40;12,53;12,40;12,52;12,527;6660500;83470870;8;
2017-05-05;12,36;12,52;12,50;12,50;12,50;12,50;12,50;463000;5787500;3;
2017-05-04;12,35;12,50;12,44;12,50;12,42;12,50;12,444;14263522;177494683,24;8;
2017-05-03;12,40;12,43;12,40;12,44;12,40;12,43;12,432;12330000;153282000;5;
2017-05-02;12,26;12,40;12,36;12,36;12,35;12,35;12,351;5860577;72381731,72;3;
2017-04-28;12,35;12,48;12,53;12,53;12,35;12,35;12,487;16540328;200875446,34;7;
2017-04-27;12,36;12,45;12,43;12,48;12,35;12,36;12,435;4620000;57450784,27;7;
2017-04-26;12,24;12,34;12,20;12,35;12,20;12,32;12,286;11852615;145623795,25;7;
2017-04-25;12,16;12,27;12,11;12,26;12,11;12,20;12,22;965274;11795468,14;6;
2017-04-24;12,11;12,25;12,20;12,28;12,15;12,15;12,205;11621230;141832995,9;13;
2017-04-21;12,00;12,17;12,09;12,18;12,09;12,09;12,091;7940850;96008553;7;
2017-04-19;12,00;12,18;11,98;12,04;11,98;12,02;12,019;16245800;195238000;9;
2017-04-18;11,87;11,98;11,95;11,98;11,95;11,98;11,979;11515830;137952143,4;2;
2017-04-12;11,85;11,99;11,92;11,92;11,92;11,92;11,92;15500000;184760000;2;
2017-04-11;11,85;12,00;11,87;12,00;11,87;12,00;11,881;2114058;25117168,1;5;
2017-04-10;11,85;12,00;11,90;11,90;11,85;11,85;11,865;1037200;12305820;3;
2017-04-07;11,85;11,99;12,00;12,00;11,85;11,85;11,853;13678852;163218145,84;6;
2017-04-06;11,85;12,00;11,85;11,95;11,85;11,95;11,925;9884389;117872095,65;4;
2017-04-05;11,87;12,01;11,87;12,01;11,85;12,01;11,918;25114159;298728691,47;14;
2017-04-04;11,71;11,85;11,62;11,72;11,51;11,72;11,708;14790023;173154281,73;7;
2017-04-03;11,49;11,60;11,50;11,545;11,50;11,545;11,534;721011;8316376,5;4;
2017-03-31;11,50;11,63;11,53;11,60;11,49;11,50;11,559;5317590;61456056;9;
2017-03-30;11,46;11,60;11,57;11,57;11,51;11,51;11,556;5367000;62000170;6;
2017-03-29;11,84;11,99;11,915;11,95;11,84;11,84;11,888;219529;2609798,03;5;
2017-03-28;11,95;11,99;;;;11,99;;16300000;193155000;1;
2017-03-27;11,87;11,99;11,93;11,99;11,93;11,99;11,987;16928471;202916779,03;4;
2017-03-24;11,85;11,97;12,05;12,05;11,83;11,83;11,987;13061702;156566532,72;13;
2017-03-23;11,92;12,05;11,93;12,05;11,90;12,05;11,952;11823300;141306324;9;
2017-03-22;11,93;12,09;12,08;12,08;11,98;11,98;12,04;7838524;94374117,52;8;
2017-03-21;12,11;12,26;12,28;12,36;12,20;12,20;12,287;20255226;248776002,32;13;
2017-03-20;12,12;12,28;12,28;12,35;12,18;12,18;12,285;49951073;609437439,65;15;
2017-03-17;12,00;12,18;11,86;12,18;11,86;12,18;11,948;33010509;394146999,62;16;
2017-03-16;11,70;11,84;11,83;11,84;11,70;11,70;11,755;299109;3516096,85;5;
2017-03-15;11,75;11,91;11,38;11,83;11,38;11,82;11,739;44024550;516818194,5;20;
2017-03-14;11,48;11,63;11,34;11,59;11,34;11,57;11,496;73974191;848482293,45;25;
2017-03-13;11,15;11,30;11,16;11,30;11,16;11,30;11,201;9550824;106781682,7;8;
2017-03-10;11,15;11,28;11,29;11,29;11,20;11,20;11,253;14500000;164245000;5;
2017-03-09;11,29;11,40;;;;11,31;;225322;2561911,14;1;
2017-03-08;11,30;11,45;11,44;11,44;11,31;11,31;11,341;9494963;105287796,31;6;
2017-03-07;11,28;11,39;11,29;11,35;11,25;11,335;11,321;18085000;204740630;8;
2017-03-06;11,25;11,31;11,25;11,30;11,25;11,30;11,254;4707535;52975201,1;4;
2017-03-03;11,20;11,30;11,30;11,30;11,20;11,20;11,251;5567700;62643190;6;
2017-03-02;11,20;11,26;11,22;11,24;11,19;11,19;11,236;46590909;515514080,8;10;
2017-03-01;11,16;11,22;11,33;11,37;11,19;11,19;11,233;31078492;349043904,04;16;
2017-02-28;11,16;11,27;11,11;11,28;11,11;11,20;11,182;21691060;242521422;15;
2017-02-27;10,97;11,10;11,005;11,05;10,96;10,96;11,031;13527000;149314050;5;
2017-02-24;10,96;11,05;10,96;10,96;10,88;10,88;10,949;3500000;38320000;3;
2017-02-23;10,99;11,12;11,10;11,10;10,99;10,99;11,025;93529;1031183,71;3;
2017-02-22;11,01;11,16;11,16;11,205;11,15;11,15;11,152;14760000;164603200;9;
2017-02-21;11,16;11,25;11,18;11,25;11,10;11,25;11,193;41680000;466532500;8;
2017-02-20;11,05;11,21;11,19;11,19;11,13;11,13;11,153;10000000;111487500;5;
2017-02-17;11,06;11,18;11,30;11,30;11,00;11,15;11,211;17444074;195560151,97;12;
2017-02-16;11,20;11,27;11,20;11,27;11,20;11,27;11,235;60000;674100;2;
2017-02-15;11,25;11,37;11,25;11,35;11,25;11,28;11,315;8512411;96392013,75;7;
2017-02-14;11,28;11,38;11,30;11,39;11,27;11,38;11,349;29796853;338164344,57;20;
2017-02-13;11,14;11,28;11,11;11,21;11,05;11,20;11,141;74216039;824422353,85;20;
2017-02-10;10,85;11,00;10,86;11,00;10,86;10,99;10,932;21478362;235126841,09;11;
2017-02-09;10,72;10,86;10,80;10,86;10,75;10,86;10,824;32019677;345525918;15;
2017-02-08;10,69;10,77;10,69;10,72;10,69;10,72;10,707;9485300;101562857;5;
2017-02-07;10,66;10,75;10,72;10,72;10,72;10,72;10,72;20000000;214400000;2;
2017-02-06;10,64;10,70;10,70;10,70;10,64;10,69;10,698;15699958;167927553,12;5;
2017-02-03;10,64;10,72;10,77;10,77;10,70;10,70;10,703;8914869;95415587,87;6;
2017-02-02;10,63;10,77;10,53;10,67;10,50;10,67;10,608;13524456;143460732,8;12;
2017-02-01;10,53;10,64;10,60;10,65;10,40;10,53;10,514;40600000;426780450;21;
2017-01-31;10,70;10,80;10,70;10,70;10,70;10,70;10,70;950;10165;1;
2017-01-30;10,71;10,80;;;;10,73;;;;0;
2017-01-27;10,70;10,80;10,645;10,75;10,645;10,73;10,717;26500000;283995000;8;
2017-01-26;10,61;10,72;10,61;10,655;10,61;10,63;10,632;12160650;129287242;6;
2017-01-25;10,52;10,59;10,50;10,60;10,50;10,59;10,506;56529350;594070958,5;7;
2017-01-24;10,45;10,58;10,575;10,575;10,45;10,50;10,515;5347527;56272782,55;6;
2017-01-23;10,52;10,65;10,565;10,60;10,565;10,60;10,566;3100000;32755000;3;
2017-01-20;10,51;10,65;10,50;10,60;10,50;10,60;10,591;26096434;275390557;8;
2017-01-19;10,35;10,50;10,28;10,425;10,28;10,425;10,368;18794000;194852320;10;
2017-01-18;10,20;10,31;10,35;10,35;10,15;10,15;10,257;6458823;66244922,45;8;
2017-01-17;10,29;10,39;10,37;10,38;10,34;10,35;10,358;10345000;107149750;8;
2017-01-16;10,45;10,49;10,50;10,50;10,50;10,50;10,50;30000;315000;1;
2017-01-13;10,40;10,50;10,37;10,45;10,37;10,45;10,442;2230200;23287174;3;
2017-01-12;10,36;10,48;10,54;10,54;10,43;10,43;10,497;11000000;115470000;6;
2017-01-11;10,50;10,58;10,60;10,60;10,43;10,50;10,531;20863364;220125786,52;10;
2017-01-10;10,54;10,65;10,76;10,79;10,60;10,60;10,717;21713529;232740172,62;15;
2017-01-09;10,62;10,76;10,75;10,76;10,75;10,76;10,751;344750;3706250;3;
2017-01-06;10,66;10,80;10,85;10,85;10,74;10,76;10,762;7491329;80618174,65;4;
2017-01-05;10,79;10,87;10,84;10,93;10,79;10,79;10,858;10841308;117662600,49;11;
2017-01-04;10,87;10,91;10,79;10,93;10,79;10,87;10,86;43310000;470363300;10;
2017-01-03;10,79;10,86;10,79;10,79;10,79;10,79;10,79;10500000;113645000;3;
2017-01-02;10,72;10,86;10,70;10,86;10,70;10,79;10,794;17269218;186408545,82;13;
2016-12-30;10,69;10,80;10,70;10,70;10,68;10,70;10,698;33617556;357206378,62;6;
2016-12-29;10,69;10,80;10,69;10,74;10,68;10,68;10,729;5147058;55220579,44;4;
2016-12-28;10,68;10,80;10,70;10,77;10,70;10,73;10,763;6421712;69117957,55;5;
2016-12-27;10,70;10,84;10,72;10,72;10,72;10,72;10,72;307000;3291040;1;
2016-12-23;10,73;10,83;10,74;10,83;10,74;10,83;10,779;515600;5557614;3;
2016-12-22;10,73;10,83;10,73;10,84;10,73;10,83;10,786;6221204;67101021,36;7;
2016-12-21;10,66;10,74;10,74;10,74;10,74;10,74;10,74;10022000;107636280;3;
2016-12-20;10,65;10,71;10,69;10,71;10,61;10,71;10,687;2354680;25164257;6;
2016-12-19;10,56;10,70;10,65;10,67;10,65;10,67;10,665;3075000;32793750;3;
2016-12-16;10,53;10,66;10,66;10,66;10,595;10,66;10,626;12911427;137200811,82;8;
2016-12-15;10,53;10,66;10,595;10,595;10,595;10,595;10,595;12000000;126585000;2;
2016-12-14;10,52;10,66;10,61;10,65;10,52;10,52;10,628;3090540;32845080,8;5;
2016-12-13;10,47;10,58;;;;10,47;;;;0;
2016-12-12;10,45;10,58;10,50;10,55;10,47;10,47;10,489;8972780;94111779;8;
2016-12-09;10,52;10,55;;;;10,52;;;;0;
2016-12-08;10,52;10,65;10,55;10,62;10,52;10,52;10,572;25850000;273284500;7;
2016-12-07;10,41;10,53;10,50;10,50;10,47;10,47;10,474;68855744;720933850,68;4;
2016-12-06;10,33;10,47;10,47;10,47;10,47;10,47;10,47;59348;621373,56;1;
2016-12-05;10,35;10,46;10,40;10,40;10,34;10,35;10,353;1630042;16875336,8;3;
2016-12-02;10,31;10,45;10,40;10,40;10,39;10,39;10,398;4000000;41590000;3;
2016-12-01;10,40;10,53;10,45;10,45;10,45;10,45;10,45;3000000;31350000;2;
2016-11-30;10,42;10,52;10,53;10,53;10,48;10,48;10,481;10175361;106841717,85;4;
2016-11-29;10,40;10,51;10,50;10,50;10,46;10,46;10,46;1477000;15449620;3;
2016-11-28;10,41;10,50;10,41;10,53;10,40;10,41;10,448;9382058;98023953,2;6;
2016-11-25;10,42;10,53;10,42;10,45;10,42;10,45;10,45;5560000;58100200;2;
2016-11-24;10,46;10,56;10,48;10,57;10,46;10,56;10,496;32465001;340380110,56;12;
2016-11-23;10,29;10,38;10,32;10,35;10,28;10,28;10,333;12726400;131503877;5;
2016-11-22;10,21;10,35;10,30;10,30;10,30;10,30;10,30;57629;593578,7;1;
2016-11-21;10,23;10,30;10,25;10,25;10,25;10,25;10,25;2515900;25787975;2;
2016-11-18;10,23;10,33;10,29;10,29;10,29;10,29;10,29;1500000;15435000;1;
2016-11-17;10,20;10,29;10,22;10,22;10,22;10,22;10,22;3000000;30660000;1;
2016-11-16;10,16;10,29;10,01;10,20;10,01;10,20;10,062;9326543;93840738,6;10;
2016-11-15;10,30;10,42;10,39;10,41;10,35;10,35;10,384;10900000;113169000;7;
2016-11-14;10,35;10,43;10,40;10,40;10,40;10,40;10,40;7492000;77916800;2;
2016-11-11;10,27;10,40;10,35;10,35;10,35;10,35;10,35;300000;3105000;1;
2016-11-10;10,26;10,35;10,35;10,35;10,30;10,30;10,301;1531500;15776025;2;
2016-11-09;10,35;10,42;10,26;10,40;10,26;10,40;10,326;21515000;222053900;4;
2016-11-08;10,31;10,40;10,45;10,45;10,36;10,36;10,369;4554386;47222182,82;5;
2016-11-07;10,41;10,50;;;;10,45;;;;0;
2016-11-04;10,41;10,51;10,40;10,45;10,40;10,45;10,442;6231000;65063840;6;
2016-11-03;10,31;10,39;10,39;10,39;10,31;10,35;10,348;1130000;11692700;4;
2016-11-02;10,30;10,39;10,30;10,39;10,30;10,39;10,335;7379000;76262810;5;
2016-11-01;10,15;10,29;10,29;10,29;10,29;10,29;10,29;12000;123480;1;
2016-10-31;10,16;10,29;10,19;10,29;10,15;10,15;10,211;17547794;179181179,1;11;
2016-10-28;10,00;10,11;10,10;10,10;10,05;10,05;10,051;6648007;66819870,7;4;
2016-10-27;10,05;10,10;10,02;10,05;10,02;10,05;10,022;140000;1403100;2;
2016-10-26;10,08;10,11;10,05;10,11;10,05;10,11;10,058;9244546;92983830,66;4;
2016-10-25;9,94;10,04;9,985;9,985;9,92;9,95;9,956;6894320;68636154,4;5;
2016-10-24;9,92;10,04;10,06;10,06;9,95;9,95;9,991;7200000;71937000;6;
2016-10-21;10,01;10,15;10,09;10,09;10,07;10,07;10,074;6500000;65480000;3;
2016-10-20;10,10;10,20;10,13;10,13;10,12;10,12;10,121;15220838;154842088,94;5;
2016-10-19;10,13;10,25;10,23;10,23;10,15;10,22;10,195;15300000;155981000;7;
2016-10-18;10,16;10,30;10,23;10,23;10,20;10,20;10,212;6500000;66375000;6;
2016-10-17;10,22;10,34;10,26;10,26;10,26;10,26;10,26;8200000;84482000;4;
2016-10-14;10,26;10,37;10,25;10,315;10,25;10,315;10,314;8944117;92246199,25;4;
2016-10-13;10,25;10,37;10,35;10,44;10,29;10,29;10,324;9957929;102801484,7;9;
2016-10-12;10,40;10,49;10,42;10,42;10,42;10,42;10,42;3500000;36470000;1;
2016-10-11;10,40;10,45;10,45;10,50;10,40;10,50;10,473;5386557;56410817,8;6;
2016-10-10;10,45;10,52;10,50;10,50;10,50;10,50;10,50;8667508;91008834;3;
2016-10-07;10,41;10,50;10,44;10,44;10,44;10,44;10,44;7000000;73080000;1;
2016-10-06;10,38;10,50;10,45;10,45;10,45;10,45;10,45;3000000;31350000;2;
2016-10-05;10,46;10,54;10,27;10,54;10,25;10,54;10,384;29484529;306158875,15;14;
2016-10-04;10,25;10,37;10,18;10,37;10,18;10,36;10,334;28500720;294318310,4;12;
2016-10-03;10,18;10,30;10,12;10,25;10,12;10,20;10,201;22892000;233514080;6;
2016-09-30;10,03;10,12;10,06;10,10;9,98;10,075;10,037;23113400;231984140;14;
2016-09-29;10,05;10,20;10,16;10,20;10,12;10,20;10,18;14598400;148606824;8;
2016-09-28;10,18;10,33;10,125;10,25;10,125;10,25;10,154;33823835;343435549,77;13;
2016-09-27;10,05;10,18;10,12;10,15;10,05;10,115;10,098;21443000;216533010;11;
2016-09-26;10,05;10,20;10,175;10,175;10,10;10,10;10,158;27550000;279857000;8;
2016-09-23;10,12;10,24;10,23;10,23;10,23;10,23;10,23;161117;1648226,91;1;
2016-09-22;10,12;10,24;10,18;10,20;10,18;10,18;10,181;8195000;83429000;3;
2016-09-21;10,10;10,23;10,17;10,18;10,17;10,18;10,171;5241676;53310261,68;2;
2016-09-20;10,20;10,23;10,23;10,23;10,23;10,23;10,23;20550;210226,5;1;
2016-09-19;10,17;10,23;10,22;10,23;10,22;10,23;10,229;150000;1534400;2;
2016-09-16;10,10;10,23;10,23;10,23;10,165;10,165;10,166;6103000;62043690;3;
2016-09-15;10,10;10,23;10,23;10,23;10,10;10,23;10,167;2494186;25357786,98;8;
2016-09-14;10,10;10,21;10,30;10,30;10,12;10,22;10,214;27500000;280875000;11;
2016-09-13;10,25;10,30;10,37;10,37;10,25;10,25;10,298;5939993;61171500,33;4;
2016-09-12;10,30;10,44;10,40;10,40;10,30;10,37;10,323;16659420;171979997;7;
2016-09-09;10,40;10,55;10,56;10,70;10,50;10,50;10,595;12476995;132180402,8;13;
2016-09-08;10,56;10,70;10,70;10,70;10,60;10,60;10,606;9765000;103941500;7;
2016-09-07;10,56;10,65;10,55;10,67;10,55;10,56;10,606;15942058;169088014,8;11;
2016-09-06;10,40;10,50;10,53;10,53;10,50;10,50;10,529;11877442;125060032,7;5;
2016-09-05;10,38;10,50;10,42;10,50;10,40;10,50;10,418;17193659;178815719,5;12;
2016-09-02;10,22;10,33;10,23;10,33;10,22;10,33;10,261;21215000;218380550;12;
2016-09-01;9,97;10,09;10,05;10,09;9,97;9,97;10,049;3253529;32695684,13;5;
2016-08-31;9,96;10,08;9,96;10,08;9,95;9,96;10,01;33075000;330869940,89;14;
2016-08-30;9,88;9,99;9,86;9,99;9,85;9,98;9,865;10082797;99468428,11;10;
2016-08-29;9,73;9,82;9,80;9,82;9,69;9,77;9,762;4504000;43965780;8;
2016-08-26;9,81;9,93;9,81;9,81;9,80;9,81;9,805;5873478;57588586,82;6;
2016-08-25;9,80;9,88;9,68;9,89;9,68;9,89;9,779;19926764;194853387,2;12;
2016-08-24;9,57;9,65;9,38;9,65;9,38;9,65;9,552;21324529;203701034,45;15;
2016-08-23;9,16;9,26;9,27;9,27;9,21;9,26;9,211;13124000;120728880;6;
2016-08-22;9,15;9,26;9,175;9,27;9,175;9,27;9,198;4140000;38077800;4;
2016-08-19;9,12;9,20;9,11;9,11;9,11;9,11;9,11;125000;1138750;1;
2016-08-18;9,23;9,28;9,08;9,26;9,08;9,26;9,22;26224176;241788826,88;12;
2016-08-17;9,08;9,18;8,91;9,14;8,81;9,13;9,064;66055000;598696500;22;
2016-08-16;8,94;9,03;8,94;9,03;8,94;8,96;8,968;33696000;302169280;13;
2016-08-15;8,85;8,94;8,77;8,88;8,77;8,85;8,832;51017027;450596781,9;18;
2016-08-12;8,67;8,77;8,72;8,72;8,72;8,72;8,72;6100000;53192000;2;
2016-08-11;8,67;8,75;8,67;8,67;8,67;8,67;8,67;156250;1354687,5;2;
2016-08-10;8,68;8,78;8,715;8,72;8,715;8,72;8,718;12000000;104615000;3;
2016-08-09;8,66;8,77;8,72;8,75;8,70;8,75;8,747;13743500;120209450;4;
2016-08-08;8,65;8,70;8,75;8,77;8,60;8,60;8,716;13173723;114818097,16;8;
2016-08-05;8,68;8,77;8,71;8,71;8,70;8,70;8,703;2000000;17405000;4;
2016-08-04;8,71;8,77;8,70;8,77;8,70;8,77;8,715;6610000;57604700;5;
2016-08-03;8,60;8,72;8,655;8,72;8,60;8,72;8,665;2873529;24898849,4;3;
2016-08-02;8,60;8,71;8,63;8,70;8,63;8,69;8,653;3887000;33620700;5;
2016-07-29;8,54;8,63;8,66;8,66;8,57;8,60;8,61;13790000;118729950;10;
2016-07-28;8,66;8,78;8,69;8,69;8,58;8,69;8,629;13500000;116490000;10;
2016-07-27;8,71;8,82;;;;8,82;;;;0;
2016-07-26;8,70;8,82;;;;8,82;;;;0;
2016-07-25;8,70;8,82;;;;8,82;;;;0;
2016-07-22;8,70;8,82;;;;8,82;;;;0;
2016-07-21;8,70;8,82;8,76;8,82;8,76;8,82;8,788;57000;500940;2;
2016-07-20;8,70;8,82;8,77;8,77;8,76;8,76;8,761;18000000;157695000;6;
2016-07-19;8,77;8,88;8,83;8,88;8,80;8,80;8,831;13995000;123584000;5;
2016-07-18;8,84;8,95;;;;8,95;;;;0;
2016-07-15;8,84;8,95;8,95;8,95;8,95;8,95;8,95;100000;895000;1;
2016-07-14;8,84;8,95;8,93;8,95;8,93;8,95;8,937;160000;1429900;3;
2016-07-13;8,83;8,93;8,88;8,93;8,83;8,93;8,885;4230838;37589299,54;8;
2016-07-12;8,75;8,88;8,68;8,83;8,68;8,75;8,77;18817646;165035284,89;7;
2016-07-11;8,67;8,78;;;;8,66;;;;0;
2016-07-08;8,66;8,75;8,66;8,66;8,66;8,66;8,66;1200000;10392000;2;
2016-07-07;8,66;8,70;8,66;8,70;8,66;8,70;8,679;8160;70818,8;2;
2016-07-06;8,66;8,75;8,69;8,76;8,66;8,66;8,691;1618529;14065961,14;4;
2016-07-05;8,70;8,75;8,70;8,78;8,70;8,70;8,729;10600000;92515000;10;
2016-07-04;8,60;8,70;8,66;8,66;8,65;8,65;8,651;23000000;199465000;4;
2016-07-01;8,66;8,74;8,70;8,74;8,70;8,74;8,70;4205606;36580996,44;3;
2016-06-30;8,66;8,74;8,695;8,72;8,65;8,70;8,704;11587351;100808086,15;6;
2016-06-29;8,65;8,72;8,65;8,70;8,605;8,70;8,684;7735500;67171477,5;5;
2016-06-28;8,55;8,63;8,62;8,62;8,60;8,60;8,60;5168000;44446800;3;
2016-06-27;8,50;8,62;8,74;8,74;8,50;8,56;8,617;7626529;65717996,5;7;
2016-06-24;8,72;8,79;8,70;8,77;8,60;8,77;8,689;8680000;75418000;9;
2016-06-23;8,77;8,88;8,80;8,88;8,80;8,88;8,808;66208;583127,04;2;
2016-06-22;8,77;8,88;8,80;8,80;8,80;8,80;8,80;5500000;48400000;2;
2016-06-21;8,81;8,91;8,72;8,88;8,72;8,88;8,83;30602053;270204587,16;10;
2016-06-20;8,72;8,82;8,79;8,79;8,76;8,77;8,775;13650884;119774399,64;6;
2016-06-16;8,70;8,77;;;;8,77;;;;0;
2016-06-15;8,67;8,77;8,72;8,77;8,72;8,77;8,721;1019200;8888384;2;
2016-06-14;8,67;8,77;8,67;8,69;8,67;8,69;8,688;873529;7589496,43;2;
2016-06-13;8,66;8,74;;;;8,65;;;;0;
2016-06-10;8,60;8,72;8,705;8,705;8,65;8,65;8,662;13600000;117798875;10;
2016-06-09;8,69;8,75;8,68;8,72;8,68;8,69;8,684;9823536;85309098,06;3;
2016-06-08;8,69;8,81;8,73;8,73;8,69;8,69;8,699;7060000;61413800;7;
2016-06-07;8,71;8,80;8,75;8,79;8,75;8,755;8,765;2356000;20649640;3;
2016-06-06;8,75;8,82;8,49;8,86;8,39;8,75;8,693;59290053;515401616,4;39;
2016-06-03;8,57;8,65;8,74;8,74;8,57;8,60;8,601;107224431;922140239,75;19;
2016-06-02;8,70;8,82;8,76;8,85;8,74;8,74;8,753;33940000;297063000;11;
2016-06-01;8,75;8,84;;;;8,80;;290000;2537500;1;
2016-05-31;8,75;8,85;8,76;8,82;8,70;8,80;8,79;14588234;128228752,46;7;
2016-05-30;8,71;8,80;8,80;8,80;8,71;8,78;8,78;5100594;44781256,67;3;
2016-05-27;8,70;8,79;8,79;8,79;8,79;8,79;8,79;11200000;98448000;2;
2016-05-26;8,69;8,80;8,77;8,77;8,77;8,77;8,77;233287;2045926,99;1;
2016-05-25;8,67;8,77;8,71;8,86;8,71;8,75;8,754;56186803;491827926,25;15;
2016-05-24;8,69;8,77;8,74;8,77;8,72;8,75;8,75;54000000;472390000;11;
2016-05-23;8,64;8,72;8,50;8,68;8,49;8,68;8,587;35030000;300777200;16;
2016-05-20;8,55;8,64;8,62;8,62;8,54;8,575;8,543;22040000;188277300;9;
2016-05-19;8,57;8,68;8,70;8,70;8,62;8,62;8,654;5000000;43270000;4;
2016-05-18;8,66;8,76;8,64;8,71;8,64;8,71;8,684;27200000;236207000;7;
2016-05-17;8,69;8,80;8,72;8,75;8,69;8,73;8,742;81432696;710095128,24;7;
2016-05-13;8,74;8,85;;;;8,77;;;;0;
2016-05-12;8,77;8,85;8,79;8,85;8,77;8,77;8,782;3195516;28064427,64;6;
2016-05-11;8,76;8,85;8,85;8,90;8,80;8,80;8,852;31612000;279821800;16;
2016-05-10;8,73;8,80;8,72;8,79;8,72;8,78;8,765;42800000;375131000;13;
2016-05-09;8,67;8,77;8,76;8,76;8,67;8,67;8,723;1290000;11229546;3;
2016-05-06;8,67;8,76;8,645;8,75;8,64;8,70;8,704;19665500;171177305;9;
2016-05-04;8,60;8,70;8,62;8,64;8,62;8,64;8,639;3136000;27092320;4;
2016-05-03;8,52;8,62;8,48;8,60;8,48;8,60;8,525;11950000;102037000;7;
2016-05-02;8,35;8,45;8,50;8,52;8,39;8,39;8,437;16421000;138536924,6;14;
2016-04-29;8,53;8,61;8,65;8,65;8,51;8,57;8,586;40020589;342390815,4;17;
2016-04-28;8,68;8,74;8,73;8,74;8,73;8,74;8,73;1183269;10330321,06;3;
2016-04-27;8,70;8,73;8,75;8,75;8,72;8,74;8,717;9689000;84463010;5;
2016-04-26;8,68;8,72;8,715;8,715;8,68;8,68;8,705;14615000;127226650;4;
2016-04-25;8,68;8,71;8,68;8,69;8,68;8,69;8,689;432205;3755567,34;3;
2016-04-22;8,70;8,73;8,73;8,73;8,73;8,73;8,73;500000;4365000;1;
2016-04-20;8,67;8,75;8,65;8,73;8,65;8,73;8,702;60910778;530553530,36;23;
2016-04-19;8,60;8,65;8,65;8,65;8,65;8,65;8,65;97206;840831,9;1;
2016-04-18;8,60;8,68;8,65;8,68;8,64;8,64;8,65;21000000;181655000;8;
2016-04-15;8,55;8,62;8,58;8,62;8,58;8,585;8,583;10758100;92489688;6;
2016-04-14;8,58;8,62;8,58;8,58;8,58;8,58;8,58;10772088;92093631,52;2;
2016-04-13;8,54;8,61;8,54;8,61;8,54;8,575;8,563;39300000;336523000;9;
2016-04-12;8,64;8,73;8,58;8,66;8,58;8,64;8,646;52962720;457706450,8;10;
2016-04-11;8,54;8,59;8,565;8,565;8,565;8,565;8,565;1346935;11536498,27;1;
2016-04-08;8,55;8,60;8,55;8,64;8,54;8,64;8,57;646899;5543675,94;4;
2016-04-07;8,56;8,60;8,60;8,60;8,60;8,60;8,60;5590000;48024000;9;
2016-04-06;8,46;8,57;8,53;8,53;8,50;8,50;8,511;4805588;40901665,64;5;
2016-04-05;8,54;8,64;8,625;8,625;8,45;8,60;8,571;35545992;304672311,76;20;
2016-04-04;8,58;8,66;8,58;8,65;8,58;8,65;8,599;6241102;53667332,3;6;
2016-04-01;8,58;8,68;8,68;8,68;8,60;8,60;8,625;36407419;313105243,4;4;
2016-03-31;8,58;8,62;8,63;8,63;8,63;8,63;8,63;573529;4934555,27;2;
2016-03-30;8,58;8,67;8,63;8,67;8,615;8,67;8,646;3464750;29956321,25;9;
2016-03-29;8,53;8,60;8,58;8,58;8,58;8,58;8,58;3000000;25740000;2;
2016-03-23;8,60;8,67;8,60;8,64;8,60;8,61;8,625;14925000;128722000;6;
2016-03-22;8,52;8,62;8,52;8,61;8,52;8,52;8,556;5569087;47650401,24;12;
2016-03-21;8,44;8,55;8,54;8,54;8,54;8,54;8,54;300000;2562000;2;
2016-03-18;8,44;8,53;8,485;8,53;8,485;8,53;8,502;160000;1360300;2;
2016-03-17;8,43;8,53;8,45;8,45;8,45;8,45;8,45;10000;84500;1;
2016-03-16;8,46;8,53;8,60;8,60;8,46;8,46;8,48;4218940;35774431,2;7;
2016-03-15;8,47;8,52;8,525;8,56;8,52;8,52;8,525;12177540;103810626;7;
2016-03-14;8,51;8,57;8,58;8,58;8,48;8,54;8,541;9022030;77052426,1;6;
2016-03-11;8,48;8,56;8,48;8,50;8,48;8,50;8,486;1152588;9780886,24;2;
2016-03-10;8,50;8,56;8,52;8,56;8,52;8,52;8,521;16655740;141919904,8;6;
2016-03-09;8,52;8,55;8,52;8,52;8,52;8,52;8,52;27500000;234300000;5;
2016-03-08;8,46;8,58;8,50;8,50;8,46;8,46;8,495;2811544;23868662,24;5;
2016-03-07;8,46;8,57;8,49;8,57;8,46;8,57;8,50;37444968;318282826,88;10;
2016-03-04;8,39;8,50;8,40;8,40;8,39;8,39;8,40;8051470;67631833,3;2;
2016-03-03;8,40;8,48;8,52;8,52;8,40;8,40;8,421;33645529;284802043,6;8;
2016-03-02;8,43;8,50;8,47;8,52;8,46;8,52;8,477;30791685;261005496,2;7;
2016-03-01;8,35;8,40;8,42;8,46;8,35;8,46;8,457;23683117;200285126,95;11;
2016-02-29;8,25;8,37;8,36;8,37;8,25;8,25;8,304;1195000;9923600;6;
2016-02-26;8,27;8,36;8,15;8,35;8,15;8,30;8,284;32150000;266320900;11;
2016-02-25;8,06;8,14;8,07;8,14;8,04;8,14;8,073;9207724;74333104,92;17;
2016-02-24;8,01;8,08;8,15;8,15;8,05;8,05;8,056;7416361;59743540,49;5;
2016-02-23;8,12;8,15;8,04;8,15;8,04;8,15;8,12;15292765;124180579,45;8;
2016-02-22;7,98;8,03;8,03;8,03;8,03;8,03;8,03;45000;361350;1;
2016-02-19;7,94;8,03;8,03;8,03;7,94;7,94;8,025;168456;1351790,64;5;
2016-02-18;7,94;8,03;8,15;8,16;7,96;8,03;8,057;12134294;97762550,24;14;
2016-02-17;8,08;8,17;8,20;8,20;8,10;8,10;8,125;8500000;69061500;7;
2016-02-16;8,18;8,27;8,20;8,22;8,20;8,22;8,204;1471523;12072933,3;2;
2016-02-15;8,10;8,20;8,15;8,15;8,15;8,15;8,15;7300000;59495000;1;
2016-02-12;8,08;8,20;8,20;8,27;8,19;8,19;8,207;18600000;152651000;10;
2016-02-11;8,19;8,31;8,30;8,30;8,24;8,24;8,27;8615060;71243094,4;10;
2016-02-10;8,35;8,45;8,52;8,52;8,40;8,40;8,473;10801040;91514848;11;
2016-02-09;8,35;8,43;8,44;8,47;8,35;8,35;8,428;6035800;50833930;7;
2016-02-08;8,37;8,40;8,47;8,47;8,37;8,37;8,45;15543000;131332910;8;
2016-02-05;8,47;8,59;8,59;8,59;8,47;8,47;8,558;54705;468151,35;3;
2016-02-04;8,48;8,59;8,575;8,62;8,51;8,51;8,591;20957135;180050503,7;6;
2016-02-03;8,53;8,62;8,53;8,62;8,53;8,62;8,602;392620;3377116,18;3;
2016-02-02;8,61;8,62;8,61;8,63;8,61;8,62;8,622;453481;3909759,86;6;
2016-02-01;8,54;8,63;8,60;8,61;8,57;8,60;8,587;2295196;19708843,7;6;
2016-01-29;8,54;8,60;8,59;8,64;8,53;8,54;8,605;25388519;218478700,2;18;
2016-01-28;8,46;8,51;8,45;8,48;8,45;8,48;8,467;10573529;89521320,05;6;
2016-01-27;8,43;8,50;8,45;8,50;8,45;8,50;8,479;1965470;16664721,5;3;
2016-01-26;8,43;8,51;8,44;8,45;8,43;8,43;8,45;5121327;43272999,88;3;
2016-01-25;8,48;8,58;8,54;8,54;8,48;8,48;8,539;3585000;30611380;5;
2016-01-22;8,52;8,62;8,45;8,61;8,45;8,57;8,568;29990588;256655659,76;15;
2016-01-21;8,33;8,44;8,15;8,37;8,15;8,37;8,249;9812451;80943357,85;9;
2016-01-20;8,13;8,22;8,10;8,18;8,10;8,13;8,127;10533040;85600776;8;
2016-01-19;8,20;8,30;8,26;8,31;8,20;8,20;8,25;10209510;84250954;8;
2016-01-18;8,00;8,09;8,10;8,10;7,92;7,99;8,011;17519613;140356018,25;22;
2016-01-15;8,10;8,21;8,30;8,30;8,10;8,10;8,224;14251245;117205716,22;14;
2016-01-14;8,25;8,32;8,30;8,30;8,25;8,25;8,30;20485293;170024255,45;5;
2016-01-13;8,33;8,38;8,29;8,38;8,29;8,38;8,353;17604192;147054351,68;7;
2016-01-12;8,29;8,33;8,30;8,30;8,29;8,30;8,30;5553040;46089532;3;
2016-01-11;8,27;8,38;8,36;8,36;8,20;8,33;8,316;27664000;230041364;9;
2016-01-08;8,28;8,38;8,30;8,33;8,30;8,33;8,312;24949000;207135170;4;
2016-01-07;8,18;8,30;8,20;8,22;8,20;8,22;8,217;3485525;28641305;3;
2016-01-06;8,20;8,29;8,25;8,30;8,20;8,20;8,227;44041410;362343541,1;14;
2016-01-05;8,19;8,25;8,08;8,27;8,08;8,25;8,199;42682323;349942464,37;24;
2016-01-04;8,03;8,12;7,95;8,13;7,95;8,13;8,016;49529411;397043817,45;8;
2015-12-30;7,95;8,04;7,95;7,95;7,95;7,95;7,95;80558;640436,1;1;
2015-12-29;7,95;8,03;7,95;8,03;7,95;7,97;8,007;20069440;160719543,92;11;
2015-12-28;7,95;8,06;7,92;8,03;7,92;8,03;8,012;8366202;67028169,12;10;
2015-12-23;7,92;8,01;7,94;7,97;7,92;7,92;7,964;10193340;81174341,04;7;
2015-12-22;7,86;7,94;7,86;7,90;7,86;7,86;7,897;1405428;11098664,08;3;
2015-12-21;7,92;7,95;7,88;7,88;7,86;7,86;7,86;302175;2379570,5;4;
2015-12-18;7,87;7,95;7,92;7,92;7,89;7,89;7,896;1900000;15003000;2;
2015-12-17;7,87;7,96;7,92;7,92;7,87;7,87;7,909;1374554;10870773,43;4;
2015-12-16;7,87;7,96;7,96;7,96;7,87;7,87;7,895;293000;2313080;3;
2015-12-15;7,86;7,96;7,93;7,93;7,85;7,85;7,903;13160755;104014926,75;6;
2015-12-14;7,93;7,99;7,93;7,96;7,93;7,96;7,94;8562596;67989332,24;3;
2015-12-11;7,92;7,99;7,91;7,99;7,90;7,99;7,943;718873;5709791,7;4;
2015-12-10;7,90;7,99;8,00;8,00;7,90;7,90;7,97;11698114;93233520,36;5;
2015-12-09;7,98;8,03;8,02;8,06;8,02;8,06;8,022;2023782;16193570,92;4;
2015-12-08;7,94;8,00;7,98;7,98;7,98;7,98;7,98;500000;3990000;1;
2015-12-07;7,94;8,02;7,94;7,94;7,94;7,94;7,94;44118;350296,92;1;
2015-12-04;7,95;8,04;7,97;7,97;7,97;7,97;7,97;15081000;120195570;2;
2015-12-03;7,95;7,98;8,00;8,00;7,96;7,96;7,984;156058;1246021,68;5;
2015-12-02;7,98;8,04;8,00;8,03;7,98;7,98;8,019;2501146;19938338,07;6;
2015-12-01;7,94;8,02;7,94;7,98;7,94;7,94;7,966;2325418;18523818,92;4;
2015-11-30;7,96;8,00;8,02;8,02;7,96;7,96;7,96;7110000;56597400;3;
2015-11-27;7,97;8,00;8,01;8,02;8,00;8,00;8,015;13365000;107104800;7;
2015-11-26;7,86;7,94;7,94;7,94;7,86;7,86;7,913;150000;1187000;2;
2015-11-25;7,86;7,94;7,96;7,96;7,86;7,86;7,944;297558;2363805,88;2;
2015-11-24;7,86;7,96;7,86;7,90;7,86;7,90;7,899;614705;4855581,3;2;
2015-11-23;7,87;7,97;7,92;7,93;7,92;7,93;7,92;15058823;119266466,39;3;
2015-11-20;7,84;7,94;7,86;7,90;7,80;7,90;7,897;53957941;426094769,24;5;
2015-11-19;7,75;7,86;7,73;7,85;7,73;7,75;7,769;6760000;52518019,1;6;
2015-11-18;7,63;7,73;7,68;7,68;7,65;7,65;7,671;8516116;65329350,88;8;
2015-11-17;7,69;7,77;7,80;7,80;7,69;7,69;7,725;14594216;112744521,04;8;
2015-11-16;7,81;7,90;7,87;7,91;7,86;7,86;7,863;6876070;54175935,14;6;
2015-11-13;7,87;7,95;7,65;7,97;7,65;7,90;7,872;52145778;410469259,18;23;
2015-11-12;7,54;7,61;7,58;7,61;7,53;7,60;7,58;4480907;33963928,67;7;
2015-11-11;7,61;7,69;7,79;7,79;7,61;7,61;7,687;3364508;25864051,9;4;
2015-11-10;7,75;7,79;7,75;7,79;7,75;7,79;7,783;157780;1227929,76;2;
2015-11-09;7,70;7,76;7,66;7,75;7,66;7,75;7,747;3880854;30063024,99;4;
2015-11-06;7,66;7,76;7,72;7,72;7,64;7,66;7,693;14753092;113491270,64;15;
2015-11-05;7,72;7,82;7,88;7,88;7,72;7,80;7,817;5029939;39318606,52;7;
2015-11-04;7,81;7,90;7,90;7,91;7,75;7,91;7,797;27703899;216013933,39;14;
2015-11-03;8,00;8,10;8,12;8,12;8,01;8,05;8,025;5541344;44466213,08;8;
2015-11-02;8,03;8,10;8,03;8,03;8,03;8,03;8,03;42964;345000,92;2;
2015-10-30;8,04;8,10;8,06;8,07;8,03;8,03;8,049;13405000;108006700;6;
2015-10-29;8,01;8,10;8,01;8,06;8,01;8,06;8,056;2160000;17401600;2;
2015-10-28;8,03;8,10;8,065;8,10;8,03;8,03;8,095;11342027;91811476,81;5;
2015-10-27;8,01;8,11;8,06;8,06;8,06;8,06;8,029;4185600;33607936;4;
2015-10-26;8,06;8,11;8,055;8,11;8,01;8,05;8,04;12344645;99252448,05;6;
2015-10-23;8,01;8,08;;;;8,08;;2000000;16040000;1;
2015-10-22;8,03;8,08;8,03;8,09;8,03;8,08;8,049;65895925;528634923,64;19;
2015-10-21;8,00;8,03;8,00;8,03;8,00;8,00;8,011;20646284;165387860,52;7;
2015-10-20;7,96;8,03;7,87;8,03;7,87;8,03;7,948;40166123;319251391,22;25;
2015-10-19;7,83;7,86;7,84;7,84;7,83;7,83;7,835;644117;5044196,11;4;
2015-10-16;7,86;7,87;7,84;7,86;7,82;7,86;7,83;2360000;18478400;4;
2015-10-15;7,80;7,83;7,85;7,87;7,80;7,83;7,837;14825161;116188465,8;7;
2015-10-14;7,70;7,79;7,71;7,71;7,71;7,71;7,71;1632170;12572709;5;
2015-10-13;7,73;7,79;7,80;7,86;7,75;7,75;7,792;43828146;338845265,29;21;
2015-10-12;7,57;7,59;7,49;7,59;7,49;7,59;7,553;10347000;78150930;9;
2015-10-09;7,48;7,56;7,53;7,53;7,48;7,48;7,528;3698212;27838425,76;4;
2015-10-08;7,49;7,57;7,39;7,52;7,39;7,52;7,494;43170715;323539430,71;11;
2015-10-07;7,37;7,43;7,35;7,40;7,35;7,40;7,363;11617043;85537364,53;5;
2015-10-06;7,35;7,40;7,39;7,40;7,35;7,35;7,389;3315204;24494805,25;6;
2015-10-05;7,40;7,46;7,39;7,45;7,39;7,40;7,423;276558;2052810,07;5;
2015-10-02;7,42;7,45;7,35;7,45;7,35;7,45;7,411;4022622;29811714,79;8;
2015-10-01;7,32;7,35;7,34;7,34;7,30;7,32;7,335;3704702;27172848,19;11;
2015-09-30;7,35;7,40;7,40;7,42;7,40;7,42;7,408;194367;1439786,38;2;
2015-09-29;7,30;7,40;7,37;7,40;7,32;7,40;7,363;19017587;140039563,29;12;
2015-09-28;7,37;7,45;7,45;7,46;7,41;7,41;7,442;25250000;187903500;4;
2015-09-25;7,35;7,41;7,40;7,40;7,35;7,35;7,398;2551470;18878304,5;3;
2015-09-24;7,35;7,42;7,40;7,42;7,40;7,42;7,41;2432881;18028019,4;4;
2015-09-23;7,40;7,44;7,32;7,45;7,32;7,40;7,38;11852358;87471509,56;11;
2015-09-22;7,27;7,33;7,35;7,35;7,26;7,26;7,324;9265000;67855500;11;
2015-09-21;7,37;7,39;7,37;7,37;7,37;7,37;7,37;87646;645951,02;2;
2015-09-18;7,37;7,40;7,39;7,39;7,39;7,39;7,39;35262636;259181374,6;3;
2015-09-17;7,35;7,39;7,32;7,40;7,32;7,35;7,389;20297027;149965237,64;12;
2015-09-16;7,31;7,41;7,31;7,36;7,31;7,31;7,323;35277207;257880059,62;4;
2015-09-15;7,33;7,40;7,35;7,35;7,33;7,33;7,344;404409;2970017,97;5;
2015-09-14;7,34;7,40;7,37;7,37;7,32;7,34;7,343;516000;3789120;3;
2015-09-11;7,32;7,39;7,36;7,39;7,36;7,39;7,361;1542000;11350380;2;
2015-09-10;7,40;7,45;7,46;7,46;7,36;7,45;7,404;16024500;118339570;6;
2015-09-09;7,40;7,45;7,35;7,45;7,35;7,45;7,402;23542645;174266550,9;12;
2015-09-08;7,30;7,33;7,33;7,33;7,30;7,33;7,328;16477794;120730896,2;9;
2015-09-07;7,25;7,30;7,29;7,30;7,25;7,30;7,286;18573529;135333085,25;5;
2015-09-04;7,21;7,29;7,23;7,28;7,21;7,28;7,248;8257529;59850144,09;5;
2015-09-03;7,21;7,29;7,29;7,29;7,21;7,21;7,234;100000;723400;2;
2015-09-02;7,22;7,30;7,28;7,30;7,21;7,30;7,267;127973;930011,8;4;
2015-09-01;7,23;7,28;7,26;7,28;7,25;7,28;7,264;74959184;542715287,01;5;
2015-08-31;7,20;7,29;7,30;7,36;7,24;7,24;7,27;39197870;284208685,34;20;
2015-08-28;7,20;7,24;7,23;7,24;7,18;7,18;7,222;2607794;18829460,92;6;
2015-08-27;7,15;7,18;7,18;7,21;7,18;7,21;7,181;10687500;76891875;4;
2015-08-26;7,10;7,16;7,13;7,16;7,13;7,16;7,137;8830084;63015989,7;6;
2015-08-25;7,04;7,13;7,05;7,12;7,00;7,08;7,08;13504958;95618576,1;7;
2015-08-24;6,99;7,05;7,05;7,06;6,92;7,00;6,978;26915994;187893331,75;33;
2015-08-21;7,06;7,12;7,12;7,12;7,12;7,12;7,12;1500000;10680000;1;
2015-08-20;7,06;7,13;7,06;7,15;7,06;7,10;7,114;42252058;300591920,64;14;
2015-08-19;6,96;7,03;7,03;7,03;7,03;7,03;7,03;400000;2812000;1;
2015-08-18;6,95;7,00;6,95;6,95;6,95;6,95;6,95;241676;1679648,2;1;
2015-08-17;6,95;7,00;;;;7,00;;;;0;
2015-08-14;6,97;7,00;7,00;7,00;7,00;7,00;7,00;1900000;13300000;2;
2015-08-13;6,97;7,03;6,98;7,03;6,97;7,03;6,998;12528439;87677956,57;7;
2015-08-12;6,91;6,98;6,90;6,98;6,90;6,98;6,916;5229411;36168935,9;6;
2015-08-11;6,88;6,91;6,93;6,93;6,87;6,90;6,888;15383040;105956993,33;7;
2015-08-10;6,87;6,96;6,96;6,96;6,96;6,96;6,96;1100000;7656000;1;
2015-08-07;6,86;6,95;6,91;6,91;6,91;6,91;6,91;1700000;11747000;2;
2015-08-06;6,91;6,94;6,90;6,90;6,90;6,90;6,90;80558;555850,2;1;
2015-08-05;6,91;6,95;6,90;6,92;6,90;6,91;6,91;254087;1755670,88;3;
2015-08-04;6,90;6,96;6,90;6,94;6,90;6,94;6,916;12368606;85535184,48;8;
2015-07-31;6,87;6,92;6,90;6,90;6,88;6,88;6,892;8512867;58668524,96;5;
2015-07-30;6,87;6,90;6,86;6,90;6,86;6,86;6,887;1724926;11878992,36;4;
2015-07-29;6,86;6,93;6,90;6,90;6,90;6,90;6,90;450000;3105000;3;
2015-07-28;6,88;6,93;6,88;6,92;6,88;6,905;6,898;7823529;53963379,52;4;
2015-07-27;6,88;6,94;6,95;6,95;6,88;6,88;6,94;9647058;66951906,07;8;
2015-07-24;6,95;7,01;6,97;6,98;6,97;6,98;6,975;3043000;21224710;6;
2015-07-23;6,90;6,97;6,89;6,91;6,89;6,91;6,90;14000000;96605000;4;
2015-07-22;6,84;6,90;6,84;6,90;6,84;6,90;6,845;3630000;24846000;6;
2015-07-21;6,82;6,84;6,84;6,84;6,81;6,82;6,821;11700000;79808000;6;
2015-07-20;6,79;6,83;6,79;6,79;6,79;6,79;6,79;73529;499261,91;1;
2015-07-17;6,76;6,84;6,74;6,80;6,74;6,80;6,78;4652615;31543458,58;7;
2015-07-16;6,74;6,77;6,72;6,77;6,72;6,77;6,729;23320761;156928308,9;8;
2015-07-15;6,69;6,75;6,72;6,72;6,715;6,715;6,72;43500000;292302500;3;
2015-07-14;6,71;6,73;6,71;6,73;6,71;6,72;6,72;10295058;69184269,76;5;
2015-07-13;6,72;6,74;6,73;6,74;6,72;6,73;6,732;2382740;16040966,97;6;
2015-07-10;6,68;6,75;6,70;6,70;6,68;6,70;6,685;685117;4580052,14;4;
2015-07-09;6,68;6,73;6,73;6,75;6,67;6,70;6,69;35993529;240795750,17;17;
2015-07-08;6,65;6,73;6,68;6,70;6,68;6,70;6,697;11500000;77020000;2;
2015-07-07;6,62;6,68;6,62;6,66;6,62;6,66;6,657;2147058;14293523,96;3;
2015-07-06;6,60;6,68;6,67;6,67;6,60;6,60;6,636;769000;5102815;4;
2015-07-03;6,60;6,67;6,63;6,64;6,63;6,64;6,635;3000000;19905000;2;
2015-07-02;6,57;6,63;6,57;6,60;6,57;6,58;6,596;16250000;107177300;9;
2015-07-01;6,51;6,58;6,55;6,58;6,55;6,58;6,554;3170000;20764100;3;
2015-06-30;6,55;6,60;6,55;6,58;6,55;6,58;6,568;132000000;860110000;9;
2015-06-29;6,52;6,59;6,50;6,58;6,50;6,58;6,529;14115379;91863155,82;13;
2015-06-26;6,45;6,50;6,45;6,475;6,45;6,475;6,452;12935014;83453340,3;6;
2015-06-25;6,43;6,47;6,45;6,45;6,45;6,45;6,45;2694467;17379312,15;4;
2015-06-24;6,42;6,47;6,27;6,49;6,27;6,42;6,429;46103661;296399355,03;31;
2015-06-23;6,27;6,34;6,31;6,31;6,27;6,27;6,294;4873529;30674026,83;6;
2015-06-22;6,31;6,36;6,34;6,34;6,31;6,31;6,339;1573529;9973967,99;2;
2015-06-19;6,31;6,36;6,35;6,35;6,31;6,35;6,346;4890940;31037490,44;6;
2015-06-18;6,30;6,34;6,30;6,30;6,30;6,30;6,30;35305;222421,5;2;
2015-06-16;6,30;6,34;6,30;6,30;6,30;6,30;6,30;1738095;10949998,5;2;
2015-06-15;6,27;6,34;6,34;6,34;6,34;6,34;6,34;80558;510737,72;1;
2015-06-12;6,25;6,34;;;;6,30;;;;0;
2015-06-11;6,26;6,32;6,275;6,30;6,275;6,30;6,284;4580558;28782515,4;3;
2015-06-10;6,25;6,29;6,21;6,25;6,21;6,25;6,212;1234705;7669741,57;4;
2015-06-09;6,28;6,32;6,33;6,35;6,28;6,28;6,317;12642060;79863557,4;10;
2015-06-08;6,25;6,30;6,18;6,32;6,18;6,30;6,281;4908116;30829096,88;7;
2015-06-05;6,18;6,26;6,18;6,20;6,18;6,20;6,199;6697336;41519659,7;3;
2015-06-04;6,19;6,26;6,33;6,33;6,22;6,22;6,257;8003859;50102427,47;10;
2015-06-03;6,28;6,33;6,28;6,28;6,28;6,28;6,28;304605;1912919,4;2;
2015-06-02;6,28;6,34;6,28;6,28;6,28;6,28;6,28;73529;461762,12;1;
2015-06-01;6,30;6,34;6,25;6,32;6,25;6,30;6,30;10191059;64199995,25;8;
2015-05-29;6,25;6,32;6,23;6,32;6,23;6,32;6,277;10475169;65752964,55;13;
2015-05-28;6,23;6,26;6,24;6,24;6,23;6,23;6,24;4150000;25894500;2;
2015-05-27;6,23;6,26;6,27;6,27;6,23;6,23;6,231;1381529;8608645,67;5;
2015-05-26;6,20;6,28;6,24;6,26;6,20;6,22;6,229;9016006;56156690,46;11;
2015-05-22;6,16;6,23;6,32;6,32;6,15;6,15;6,263;8395763;52578295,35;11;
2015-05-21;6,32;6,38;6,38;6,38;6,32;6,32;6,379;7182868;45815725,76;4;
2015-05-20;6,38;6,41;6,38;6,38;6,38;6,38;6,38;502790;3207800,2;5;
2015-05-19;6,38;6,45;6,38;6,38;6,38;6,38;6,38;227616;1452190,08;3;
2015-05-18;6,39;6,43;;;;6,40;;;;0;
2015-05-15;6,40;6,47;6,40;6,40;6,40;6,40;6,40;1600000;10240000;1;
2015-05-13;6,39;6,47;6,54;6,54;6,39;6,39;6,442;22117999;142493721,29;12;
2015-05-12;6,46;6,52;6,49;6,49;6,46;6,46;6,47;2566676;16606476,96;3;
2015-05-11;6,45;6,50;6,58;6,59;6,49;6,49;6,539;11733529;76729666,75;9;
2015-05-08;6,50;6,57;6,50;6,54;6,47;6,54;6,523;2758144;17991268,58;4;
2015-05-07;6,46;6,53;6,47;6,50;6,46;6,46;6,477;2074075;13432729,78;7;
2015-05-06;6,45;6,50;6,55;6,55;6,46;6,46;6,501;13842442;89984845,1;11;
2015-05-05;6,52;6,56;;;;6,57;;;;0;
2015-05-04;6,50;6,57;6,60;6,60;6,46;6,57;6,539;13125155;85819924,1;12;
2015-04-30;6,60;6,63;6,66;6,66;6,60;6,60;6,615;6075000;40184500;11;
2015-04-29;6,62;6,66;6,70;6,80;6,61;6,66;6,699;23840790;159863479,17;28;
