KVIKA;Kvika;bank
Date;Bid;Ask;Opening price;High price;Low price;Closing price;Average price;Total volume;Turnover;Trades;
2020-11-16;13,50;13,68;13,40;13,75;13,40;13,60;13,568;27424223;372361309,2;24;
2020-11-13;13,32;13,50;13,36;13,46;13,21;13,46;13,347;21029000;280676280;22;
2020-11-12;13,51;13,57;13,50;13,59;13,35;13,51;13,473;52248978;703536080,3;22;
2020-11-11;13,21;13,39;13,09;13,39;13,05;13,39;13,248;20135868;266761352,52;23;
2020-11-10;12,93;13,07;12,76;13,07;12,76;13,07;12,968;9743666;126355781,4;11;
2020-11-09;12,80;12,94;12,61;12,99;12,61;12,88;12,779;15246000;194311910;18;
2020-11-06;12,33;12,44;12,30;12,44;12,30;12,44;12,36;24637970;304928403,42;21;
2020-11-05;12,18;12,32;12,32;12,32;12,27;12,27;12,275;560000;6874200;3;
2020-11-04;12,17;12,32;12,30;12,32;12,16;12,32;12,193;337890;4119822,24;3;
2020-11-03;12,18;12,30;12,20;12,30;12,16;12,23;12,243;15120398;185120445,7;14;
2020-11-02;12,10;12,21;12,18;12,23;12,18;12,23;12,213;265000;3236400;3;
2020-10-30;12,05;12,23;12,30;12,30;12,12;12,12;12,232;6331300;77443512;9;
2020-10-29;12,14;12,30;12,05;12,30;12,05;12,23;12,231;8248066;100881202,52;11;
2020-10-28;12,05;12,23;12,12;12,18;12,08;12,08;12,112;3473450;42070994;8;
2020-10-27;12,16;12,33;12,18;12,18;12,18;12,18;12,18;60000;730800;1;
2020-10-26;12,16;12,33;12,38;12,38;12,18;12,18;12,28;2341000;28747860;6;
2020-10-23;12,21;12,38;12,28;12,31;12,25;12,31;12,273;28702069;352273386,63;8;
2020-10-22;12,18;12,20;12,18;12,20;12,18;12,20;12,182;10240000;124758000;11;
2020-10-21;12,11;12,18;12,16;12,18;12,16;12,16;12,171;23556667;286716604,06;16;
2020-10-20;12,02;12,18;12,12;12,18;12,10;12,18;12,142;3754000;45582720;6;
2020-10-19;12,05;12,10;12,05;12,05;12,05;12,05;12,05;1250000;15062500;1;
2020-10-16;12,00;12,10;12,07;12,10;12,05;12,05;12,07;3046225;36767525,75;9;
2020-10-15;11,90;11,99;11,95;11,98;11,85;11,93;11,938;50372872;601051293,02;17;
2020-10-14;11,80;11,95;11,89;11,90;11,87;11,87;11,886;7068000;84006700;13;
2020-10-13;11,74;11,89;11,74;11,89;11,74;11,89;11,821;2174634;25705434,51;3;
2020-10-12;11,74;11,89;11,76;11,76;11,76;11,76;11,76;1000000;11760000;1;
2020-10-09;11,75;11,90;11,75;11,90;11,68;11,76;11,872;107177724;1272438534,42;28;
2020-10-08;11,58;11,74;11,30;11,75;11,30;11,75;11,514;37244626;429200399,77;19;
2020-10-07;11,16;11,20;11,14;11,22;11,10;11,16;11,187;9794492;109573850,18;11;
2020-10-06;11,05;11,20;11,24;11,24;11,07;11,20;11,079;7256000;80387288;6;
2020-10-05;11,09;11,22;11,12;11,22;11,12;11,22;11,121;4379117;48698381,04;10;
2020-10-02;11,15;11,25;10,97;11,21;10,97;11,21;11,062;11047144;122223854,27;17;
2020-10-01;10,99;11,10;11,00;11,11;11,00;11,10;11,002;4073639;44817346,81;21;
2020-09-30;11,01;11,05;11,13;11,14;11,06;11,06;11,097;7143870;79272610,85;11;
2020-09-29;10,94;11,10;10,80;11,10;10,72;11,10;10,898;119050575;1304992667,83;61;
2020-09-28;10,30;10,43;10,40;10,47;10,35;10,43;10,375;5004100;51917847;5;
2020-09-25;10,30;10,40;10,36;10,40;10,30;10,40;10,359;7896589;81798761,95;11;
2020-09-24;10,40;10,47;10,40;10,45;10,40;10,45;10,437;6150000;64190000;5;
2020-09-23;10,45;10,47;10,55;10,55;10,40;10,50;10,401;2504000;26192100;4;
2020-09-22;10,35;10,45;10,40;10,45;10,30;10,45;10,352;9817170;101626949,5;15;
2020-09-21;10,22;10,37;10,38;10,45;10,30;10,37;10,34;5018000;51886440;11;
2020-09-18;10,48;10,63;10,71;10,71;10,55;10,61;10,551;2256000;23801440;6;
2020-09-17;10,57;10,69;10,475;10,71;10,475;10,635;10,591;8740898;92574329,89;13;
2020-09-16;10,43;10,52;10,43;10,52;10,43;10,475;10,471;2177250;22798897,5;4;
2020-09-15;10,43;10,52;10,50;10,55;10,43;10,43;10,463;3268800;34202550;7;
2020-09-14;10,50;10,64;10,68;10,68;10,54;10,60;10,591;6768000;71678580;6;
2020-09-11;10,55;10,69;10,64;10,69;10,64;10,69;10,664;9272000;98874380;6;
2020-09-10;10,51;10,65;10,63;10,69;10,55;10,65;10,594;5185666;54934736,24;12;
2020-09-09;10,50;10,55;10,54;10,61;10,54;10,61;10,54;1252000;13196220;3;
2020-09-08;10,56;10,65;10,70;10,70;10,56;10,58;10,676;15213333;162415296,48;17;
2020-09-07;10,60;10,72;10,58;10,70;10,55;10,70;10,615;8881588;94281596,35;14;
2020-09-04;10,51;10,65;10,50;10,66;10,50;10,50;10,604;11824863;125075851,5;14;
2020-09-03;10,50;10,65;10,44;10,64;10,44;10,64;10,518;10878500;114443415;16;
2020-09-02;10,27;10,40;10,15;10,40;10,15;10,40;10,25;4793077;49130700,8;9;
2020-09-01;10,03;10,15;10,15;10,15;10,07;10,07;10,097;12883333;130079163,31;4;
2020-08-31;9,98;10,13;10,09;10,09;10,00;10,09;10,064;3995590;40212201,55;6;
2020-08-28;9,95;10,09;9,97;10,09;9,97;10,09;9,986;1720000;17176450;5;
2020-08-27;9,95;10,09;10,01;10,08;10,00;10,00;10,003;4100000;41012700;5;
2020-08-26;9,88;9,99;9,97;10,00;9,94;10,00;9,953;3752500;37350000;4;
2020-08-25;9,97;10,10;9,99;10,05;9,99;10,035;10,037;9250000;92842500;4;
2020-08-24;10,05;10,16;10,09;10,17;10,06;10,06;10,077;53450997;534682640;5;
2020-08-21;10,18;10,30;10,20;10,30;10,18;10,30;10,207;1365000;13932700;3;
2020-08-20;10,06;10,20;10,09;10,19;10,06;10,125;10,12;8181285;82797696,24;7;
2020-08-19;9,96;10,09;;;;10,05;;;;0;
2020-08-18;9,96;10,09;10,05;10,05;9,95;10,05;10,042;250000;2510500;3;
2020-08-17;9,96;10,09;9,94;10,00;9,94;10,00;9,97;2500000;24925000;2;
2020-08-14;9,96;10,00;10,175;10,175;10,10;10,10;10,146;6500000;65950000;3;
2020-08-13;10,10;10,25;10,20;10,21;10,20;10,20;10,20;12000000;122400050;6;
2020-08-12;10,20;10,35;10,34;10,34;10,34;10,34;10,34;1250000;12925000;1;
2020-08-11;10,20;10,35;10,20;10,44;10,20;10,30;10,336;16550000;171060000;11;
2020-08-10;10,03;10,15;10,05;10,15;10,05;10,15;10,087;3265000;32934709,12;4;
2020-08-07;9,95;10,05;10,25;10,25;9,96;10,03;10,087;10185271;102741527,75;14;
2020-08-06;10,28;10,40;10,30;10,38;10,26;10,30;10,325;4777729;49329654,12;7;
2020-08-05;10,15;10,28;10,18;10,28;10,18;10,28;10,246;8076078;82749895,6;7;
2020-08-04;10,08;10,22;10,08;10,17;10,08;10,15;10,12;3010667;30466603,36;3;
2020-07-31;10,05;10,15;9,99;10,10;9,99;10,10;10,04;5445920;54678792;6;
2020-07-30;9,86;9,98;10,10;10,10;9,91;9,91;9,985;5000000;49925000;7;
2020-07-29;10,06;10,21;10,20;10,20;9,96;10,20;10,097;19950000;201437000;20;
2020-07-28;10,24;10,35;10,60;10,60;10,28;10,30;10,423;8920000;92970500;10;
2020-07-27;10,60;10,74;10,81;10,86;10,63;10,63;10,785;10287302;110948795,36;13;
2020-07-24;10,71;10,81;10,74;10,81;10,74;10,81;10,768;5729000;61691190;6;
2020-07-23;10,59;10,74;10,56;10,73;10,56;10,70;10,639;20111912;213974862,3;19;
2020-07-22;10,40;10,48;;;;10,48;;;;0;
2020-07-21;10,41;10,48;;;;10,48;;;;0;
2020-07-20;10,40;10,50;10,35;10,50;10,35;10,48;10,432;13102380;136679990;10;
2020-07-17;10,25;10,35;10,09;10,30;10,09;10,30;10,195;4830000;49239700;6;
2020-07-16;10,00;10,14;10,00;10,14;10,00;10,14;10,00;26117000;261240280;4;
2020-07-15;10,00;10,14;10,00;10,14;10,00;10,14;10,002;188970;1890120;3;
2020-07-14;10,00;10,14;10,03;10,03;10,03;10,03;10,03;1250000;12537500;2;
2020-07-13;10,04;10,14;10,05;10,14;10,05;10,14;10,051;615132;6182526,6;3;
2020-07-10;10,03;10,18;9,92;10,14;9,92;10,14;9,984;22671400;226078180;16;
2020-07-09;9,85;9,92;9,92;9,92;9,92;9,92;9,92;5000;49600;1;
2020-07-08;9,80;9,92;9,74;9,82;9,74;9,80;9,787;3925530;38420194;5;
2020-07-07;9,55;9,60;9,595;9,595;9,595;9,595;9,595;1000000;9595000;1;
2020-07-06;9,55;9,64;9,61;9,61;9,55;9,55;9,607;1320000;12681000;2;
2020-07-03;9,50;9,64;9,55;9,55;9,55;9,55;9,55;166666;1591660,3;1;
2020-07-02;9,55;9,64;9,60;9,60;9,55;9,55;9,581;2023092;19382695,27;4;
2020-07-01;9,60;9,69;9,69;9,69;9,69;9,69;9,69;20250;196222,5;1;
2020-06-30;9,60;9,69;9,65;9,69;9,60;9,69;9,678;3550000;34355000;4;
2020-06-29;9,60;9,68;9,58;9,64;9,58;9,63;9,637;2605000;25103400;4;
2020-06-26;9,61;9,73;9,84;9,84;9,70;9,70;9,703;1291000;12526450;4;
2020-06-25;9,74;9,87;9,76;9,76;9,75;9,76;9,76;9100000;89075000;5;
2020-06-24;9,76;9,88;9,80;9,97;9,80;9,80;9,905;26836799;265821230,09;19;
2020-06-23;9,68;9,76;9,75;9,75;9,75;9,75;9,75;5000000;48750000;1;
2020-06-22;9,67;9,75;9,63;9,75;9,63;9,75;9,662;10970300;105993875;9;
2020-06-19;9,57;9,70;9,63;9,63;9,63;9,63;9,63;550000;5296500;1;
2020-06-18;9,59;9,73;9,50;9,63;9,40;9,63;9,525;12310000;117248900;20;
2020-06-16;9,30;9,41;9,29;9,41;9,29;9,31;9,367;22173000;207687700;17;
2020-06-15;9,10;9,21;9,00;9,18;9,00;9,18;9,087;4750000;43162500;4;
2020-06-12;9,15;9,23;9,20;9,265;9,15;9,15;9,224;10100000;93162500;13;
2020-06-11;9,24;9,36;9,15;9,32;9,15;9,32;9,278;4400000;40822500;4;
2020-06-10;9,26;9,39;9,29;9,31;9,26;9,26;9,284;6791360;63047993,6;8;
2020-06-09;9,28;9,38;9,40;9,40;9,30;9,36;9,327;9159710;85435953,6;7;
2020-06-08;9,45;9,49;9,335;9,48;9,335;9,48;9,444;32681000;308649480;14;
2020-06-05;9,27;9,39;9,25;9,40;9,23;9,40;9,264;9626250;89181250;11;
2020-06-04;9,14;9,25;9,185;9,25;9,185;9,25;9,24;3200000;29567000;3;
2020-06-03;9,15;9,25;9,065;9,21;9,065;9,21;9,145;12189400;111470328;10;
2020-06-02;9,01;9,13;9,10;9,10;9,05;9,05;9,09;6056954;55057695,4;4;
2020-05-29;9,07;9,20;9,10;9,20;9,10;9,20;9,171;3502588;32123809,6;3;
2020-05-28;9,07;9,19;9,10;9,21;9,07;9,07;9,099;4824210;43897584,7;4;
2020-05-27;9,00;9,15;9,00;9,20;9,00;9,10;9,111;26270000;239333000;9;
2020-05-26;9,00;9,10;9,00;9,12;9,00;9,10;9,021;18215006;164310694,3;12;
2020-05-25;8,80;9,00;8,775;8,90;8,775;8,90;8,812;4250000;37450000;3;
2020-05-22;8,60;8,85;8,70;8,70;8,675;8,675;8,68;6250000;54250000;2;
2020-05-20;8,80;8,90;9,25;9,25;8,85;8,85;9,023;8780000;79220000;7;
2020-05-19;9,10;9,14;9,15;9,15;9,14;9,14;9,146;570000;5213000;2;
2020-05-18;9,05;9,30;9,05;9,29;9,05;9,10;9,152;28671151;262398332,79;22;
2020-05-15;8,88;8,98;8,80;9,00;8,80;8,98;8,875;4961266;44032848,74;16;
2020-05-14;8,70;8,90;8,75;8,80;8,69;8,80;8,712;19507439;169954719,3;9;
2020-05-13;8,55;8,75;8,50;8,70;8,50;8,65;8,604;16591465;141485009,5;16;
2020-05-12;8,30;8,32;8,20;8,30;8,10;8,30;8,291;7579674;62138784,4;7;
2020-05-11;8,10;8,27;8,27;8,27;8,27;8,27;8,27;3700;30599;1;
2020-05-08;8,13;8,27;8,15;8,25;8,15;8,15;8,15;9250000;75389330;3;
2020-05-07;8,15;8,27;8,24;8,27;8,15;8,15;8,251;4018700;33158905;7;
2020-05-06;8,15;8,25;;;;8,25;;;;0;
2020-05-05;8,06;8,30;8,15;8,25;8,05;8,25;8,238;11106175;91496796,95;11;
2020-05-04;8,11;8,34;8,11;8,15;8,11;8,15;8,142;125000;1017750;2;
2020-04-30;8,20;8,25;8,30;8,30;8,20;8,20;8,223;47501667;389951669,4;11;
2020-04-29;8,00;8,20;8,15;8,20;8,00;8,00;8,139;39703000;322313300;15;
2020-04-28;8,08;8,30;8,20;8,30;8,15;8,30;8,15;10082000;82172600;4;
2020-04-27;8,20;8,30;;;;8,29;;;;0;
2020-04-24;7,95;8,29;8,20;8,30;8,15;8,29;8,176;5337100;44098170;10;
2020-04-22;8,17;8,30;8,20;8,24;8,20;8,24;8,226;3400000;27967500;3;
2020-04-21;8,13;8,25;8,40;8,40;8,19;8,23;8,294;6700000;55571500;7;
2020-04-20;8,48;8,63;8,48;8,63;8,48;8,63;8,492;6403635;54663990,15;7;
2020-04-17;8,46;8,58;8,60;8,69;8,45;8,52;8,603;4710000;40519833,31;10;
2020-04-16;8,36;8,60;8,56;8,60;8,35;8,60;8,563;3289721;28168661,52;9;
2020-04-15;8,15;8,57;8,57;8,57;8,57;8,57;8,57;3616000;31019120;6;
2020-04-14;8,20;8,57;8,25;8,58;8,25;8,58;8,391;6079317;51011015,25;10;
2020-04-08;8,20;8,45;8,40;8,40;8,20;8,20;8,262;4310000;35607250;14;
2020-04-07;8,25;8,56;8,39;8,57;8,39;8,56;8,444;12143411;102543098,15;14;
2020-04-06;8,35;8,37;8,30;8,37;8,30;8,37;8,345;1660000;13852200;7;
2020-04-03;8,15;8,45;8,00;8,59;8,00;8,45;8,072;61408242;495696485,58;23;
2020-04-02;8,00;8,20;8,12;8,35;8,00;8,33;8,12;2801400;22746312;6;
2020-04-01;8,12;8,35;8,26;8,35;8,21;8,22;8,236;2647001;21800208,25;6;
2020-03-31;8,26;8,48;8,30;8,45;8,18;8,45;8,375;20015000;167621000;21;
2020-03-30;8,00;8,25;8,10;8,20;8,10;8,18;8,107;4871000;39490200;10;
2020-03-27;7,78;8,21;7,71;8,30;7,71;7,90;7,985;38673500;308807700;25;
2020-03-26;7,45;7,63;7,27;7,40;7,27;7,40;7,312;6304000;46126270;6;
2020-03-25;7,00;7,45;7,59;7,59;7,10;7,25;7,261;14176000;100320500;7;
2020-03-24;6,90;7,22;7,22;7,22;7,22;7,22;7,22;100000;722000;1;
2020-03-23;6,70;7,19;6,60;7,19;6,60;7,19;6,66;2126521;14163388,9;10;
2020-03-20;7,06;7,20;7,23;7,23;7,00;7,20;7,006;16062396;112500495,99;6;
2020-03-19;7,00;7,18;7,25;7,25;7,00;7,00;7,168;1431475;10206183;8;
2020-03-18;6,96;7,09;7,00;7,10;6,90;7,09;6,933;7865000;54394000;10;
2020-03-17;6,82;7,25;7,00;7,00;6,81;7,00;6,83;1400000;9562500;4;
2020-03-16;7,01;7,47;7,20;7,48;7,00;7,00;7,109;7177842;50631020,9;19;
2020-03-13;7,65;7,89;7,50;7,89;7,40;7,89;7,514;575434;4323563,02;8;
2020-03-12;7,60;8,00;7,27;8,00;6,80;8,00;7,119;38133196;271474003,91;29;
2020-03-11;7,95;8,06;8,17;8,17;7,95;7,95;8,003;30730200;245944340;11;
2020-03-10;7,95;8,01;8,27;8,35;7,95;7,95;8,116;43080500;349508562,3;29;
2020-03-09;7,80;7,91;8,00;8,00;7,70;7,91;7,797;87333000;713486230;32;
2020-03-06;8,40;8,51;8,78;8,78;8,40;8,40;8,586;23218405;199342654,97;29;
2020-03-05;8,84;8,95;8,93;8,95;8,85;8,95;8,90;7554787;67234901,19;10;
2020-03-04;8,90;8,98;9,035;9,05;8,95;8,98;8,976;10336927;93016610,45;13;
2020-03-03;8,97;9,08;9,00;9,08;8,95;9,08;9,024;18224400;164462932;26;
2020-03-02;8,79;8,88;9,30;9,30;8,79;8,79;9,036;20214705;182651522,62;32;
2020-02-28;9,26;9,37;9,45;9,53;9,29;9,29;9,398;32003915;300769364,25;43;
2020-02-27;9,70;9,83;9,89;9,90;9,67;9,67;9,796;17060606;167129999,4;10;
2020-02-26;9,85;9,99;9,88;9,89;9,73;9,89;9,806;28120000;275743400;27;
2020-02-25;10,00;10,04;10,10;10,10;9,85;10,04;9,955;76566759;762963137,15;26;
2020-02-24;10,15;10,28;10,24;10,24;10,15;10,15;10,212;3650000;37273250;5;
2020-02-21;10,37;10,45;10,45;10,45;10,43;10,43;10,431;3150000;32857500;2;
2020-02-20;10,30;10,45;10,49;10,55;10,38;10,38;10,452;39280646;410567750,7;11;
2020-02-19;10,37;10,49;10,30;10,50;10,30;10,50;10,352;8483570;87818271;9;
2020-02-18;10,30;10,35;;;;10,30;;;;0;
2020-02-17;10,20;10,32;10,30;10,30;10,30;10,30;10,292;6250000;64325000;2;
2020-02-14;10,35;10,45;10,40;10,40;10,35;10,35;10,398;2584000;26869400;2;
2020-02-13;10,35;10,50;10,40;10,40;10,40;10,40;10,40;250000;2600000;1;
2020-02-12;10,36;10,50;10,50;10,50;10,50;10,50;10,50;1000000;10405000;2;
2020-02-11;10,36;10,50;10,40;10,40;10,40;10,40;10,40;52654;547601,6;1;
2020-02-10;10,36;10,50;10,35;10,40;10,33;10,40;10,37;5000000;51850000;4;
2020-02-07;10,36;10,50;10,50;10,50;10,50;10,50;10,50;463785;4869742,5;6;
2020-02-06;10,35;10,50;10,45;10,45;10,40;10,45;10,437;5650000;58967500;7;
2020-02-05;10,45;10,60;10,55;10,55;10,45;10,45;10,502;13367838;140383907,1;11;
2020-02-04;10,35;10,50;10,34;10,50;10,34;10,37;10,446;12539296;130989999,52;8;
2020-02-03;10,15;10,21;10,40;10,40;10,18;10,18;10,283;10325000;106174250;14;
2020-01-31;10,40;10,55;10,65;10,65;10,50;10,50;10,53;8519000;89702350;5;
2020-01-30;10,50;10,65;10,675;10,675;10,60;10,60;10,65;8906146;94850454,9;4;
2020-01-29;10,65;10,75;10,70;10,73;10,70;10,73;10,713;6500000;69910000;4;
2020-01-28;10,70;10,80;10,82;10,85;10,82;10,85;10,829;4750000;51280000;6;
2020-01-27;10,65;10,80;10,69;10,78;10,60;10,78;10,689;7841339;83811834,25;11;
2020-01-24;10,72;10,86;10,54;10,80;10,54;10,80;10,75;7750000;83312500;5;
2020-01-23;10,60;10,72;10,70;10,70;10,70;10,70;10,70;1250000;13375000;1;
2020-01-22;10,70;10,86;;;;10,825;;4600000;49864000;1;
2020-01-21;10,79;10,86;10,75;10,825;10,74;10,825;10,791;10500000;113300000;9;
2020-01-20;10,61;10,75;10,75;10,75;10,64;10,64;10,672;15750000;168077500;7;
2020-01-17;10,85;10,91;11,00;11,00;10,85;10,85;10,934;5243000;57324080;7;
2020-01-16;10,97;11,00;11,00;11,00;10,935;10,95;10,959;8593332;94171985,42;8;
2020-01-15;10,85;11,01;10,63;11,01;10,63;11,01;10,726;25614280;274736798;17;
2020-01-14;10,55;10,64;10,525;10,63;10,525;10,63;10,587;23251666;246163784,6;11;
2020-01-13;10,50;10,59;10,35;10,53;10,35;10,53;10,448;27606333;288436213,2;13;
2020-01-10;10,30;10,40;10,50;10,50;10,35;10,35;10,372;12068031;124935825,5;9;
2020-01-09;10,45;10,54;10,50;10,55;10,50;10,50;10,528;11350000;119487500;7;
2020-01-08;10,50;10,64;;;;10,565;;;;0;
2020-01-07;10,50;10,64;10,64;10,64;10,565;10,565;10,571;10443267;110390015,86;4;
2020-01-06;10,50;10,65;10,60;10,60;10,50;10,55;10,594;2700000;28605000;4;
2020-01-03;10,60;10,75;10,65;10,79;10,65;10,75;10,685;2902153;31008650,43;8;
2020-01-02;10,67;10,79;10,60;10,79;10,60;10,79;10,738;7870000;84504600;7;
2019-12-30;10,50;10,60;10,60;10,60;10,58;10,58;10,583;161930;1713683,4;2;
2019-12-27;10,45;10,60;;;;10,45;;;;0;
2019-12-23;10,45;10,60;10,48;10,55;10,45;10,45;10,504;3739741;39280293,45;6;
2019-12-20;10,40;10,48;10,45;10,575;10,45;10,45;10,488;15230000;159738500;8;
2019-12-19;10,20;10,35;10,20;10,35;10,20;10,35;10,238;17782511;182064112,2;9;
2019-12-18;10,05;10,12;9,85;10,04;9,85;10,00;9,953;30447298;303407218,04;16;
2019-12-17;9,82;9,89;9,90;9,90;9,80;9,89;9,83;10164761;99915865,78;6;
2019-12-16;9,80;9,91;;;;9,90;;483175;4761689,63;1;
2019-12-13;9,82;9,93;9,88;9,93;9,88;9,90;9,898;9580000;94817600;19;
2019-12-12;9,82;9,89;9,81;9,82;9,81;9,82;9,82;5241000;51464610;8;
2019-12-11;9,80;9,94;9,90;9,93;9,87;9,87;9,896;3012000;29805675;5;
2019-12-10;9,91;10,05;;;;9,93;;;;0;
2019-12-09;9,93;10,05;10,02;10,02;9,93;9,93;10,009;9413354;94217006,66;6;
2019-12-06;10,00;10,15;10,06;10,10;10,06;10,08;10,064;10275000;103407000;5;
2019-12-05;9,92;10,06;9,925;10,02;9,92;9,92;9,976;27380748;272689520,16;16;
2019-12-04;9,85;9,99;10,10;10,10;9,94;9,94;10,051;12700000;127644500;9;
2019-12-03;10,10;10,25;10,20;10,20;10,10;10,10;10,20;3207662;32717386,2;3;
2019-12-02;10,15;10,30;10,00;10,25;10,00;10,20;10,115;14333333;144976896,6;13;
2019-11-29;10,15;10,30;10,40;10,40;10,05;10,30;10,227;22248573;227538158,65;17;
2019-11-28;10,45;10,59;10,59;10,65;10,45;10,45;10,598;20313380;215284997;13;
2019-11-27;10,47;10,59;10,35;10,59;10,30;10,59;10,443;15043848;157109076,8;12;
2019-11-26;10,21;10,33;10,35;10,35;10,27;10,27;10,332;3772667;38978223,45;3;
2019-11-25;10,26;10,39;10,25;10,35;10,22;10,35;10,248;21014887;214877413,72;9;
2019-11-22;10,00;10,13;9,92;10,13;9,92;10,08;9,993;14305501;142953019,92;9;
2019-11-21;10,10;10,15;10,14;10,15;10,05;10,15;10,114;8333333;84287012,19;10;
2019-11-20;10,25;10,40;10,55;10,55;10,29;10,29;10,439;29224410;305070025,5;16;
2019-11-19;10,55;10,64;10,75;10,75;10,55;10,55;10,654;7825836;83377737;5;
2019-11-18;10,65;10,80;10,75;10,75;10,75;10,75;10,75;5321814;57209500,5;4;
2019-11-15;10,75;10,90;10,96;10,97;10,75;10,75;10,893;12460667;135730439,11;11;
2019-11-14;10,76;10,91;10,82;10,91;10,68;10,91;10,766;18136772;195268520,24;9;
2019-11-13;10,69;10,84;10,92;10,92;10,80;10,82;10,853;12197884;132385183,36;6;
2019-11-12;10,83;10,98;11,01;11,01;10,92;10,92;10,963;11319736;124095875,11;5;
2019-11-11;10,98;11,11;11,12;11,12;10,99;11,01;11,079;7969214;88292426,42;9;
2019-11-08;10,98;11,13;10,80;11,055;10,80;11,055;10,929;10445311;114080125,3;15;
2019-11-07;10,70;10,80;10,60;10,78;10,60;10,78;10,666;23055617;245908509,58;14;
2019-11-06;10,45;10,55;10,25;10,55;10,25;10,45;10,392;13004500;135136125;13;
2019-11-05;10,20;10,34;10,25;10,40;10,25;10,25;10,294;17392733;179041089,9;13;
2019-11-04;10,10;10,21;9,94;10,15;9,90;10,11;10,017;20265144;202987087,57;15;
2019-11-01;9,72;9,86;9,69;9,85;9,69;9,85;9,732;8537666;83092243,5;9;
2019-10-31;9,54;9,66;9,39;9,59;9,20;9,59;9,43;26192479;246989885,71;20;
2019-10-30;9,40;9,54;9,50;9,50;9,50;9,50;9,50;349000;3315500;2;
2019-10-29;9,40;9,54;9,44;9,45;9,44;9,45;9,445;7842800;74151032;4;
2019-10-28;9,34;9,45;9,40;9,40;9,34;9,34;9,392;2206083;20720068,2;4;
2019-10-25;9,32;9,45;9,40;9,53;9,40;9,40;9,451;14759070;139488209,25;9;
2019-10-24;9,40;9,51;9,42;9,465;9,40;9,40;9,428;2173756;20494729,6;3;
2019-10-23;9,42;9,54;9,45;9,45;9,42;9,42;9,425;166666;1570893,72;2;
2019-10-22;9,43;9,54;9,36;9,52;9,36;9,52;9,449;12270000;115935400;7;
2019-10-21;9,25;9,36;9,18;9,31;9,18;9,31;9,24;5000000;46200000;5;
2019-10-18;8,91;9,03;8,87;9,03;8,87;9,03;8,934;11000000;98272500;9;
2019-10-17;8,80;8,93;8,94;8,97;8,75;8,93;8,837;12499727;110459771,92;16;
2019-10-16;8,96;9,08;9,075;9,08;9,03;9,03;9,068;14601328;132354551,6;10;
2019-10-15;9,02;9,12;9,20;9,20;9,02;9,02;9,13;5253804;47966344,64;8;
2019-10-14;9,28;9,40;9,38;9,38;9,28;9,28;9,337;1889280;17640613,1;5;
2019-10-11;9,38;9,50;9,40;9,40;9,37;9,38;9,396;4860719;45671888,56;4;
2019-10-10;9,38;9,50;9,38;9,38;9,38;9,38;9,38;250000;2345000;1;
2019-10-09;9,36;9,49;9,54;9,54;9,36;9,36;9,451;7974332;75362247,52;9;
2019-10-08;9,54;9,68;9,59;9,65;9,54;9,54;9,601;3260000;31300400;3;
2019-10-07;9,45;9,59;9,50;9,50;9,46;9,46;9,497;1666666;15827860,36;3;
2019-10-04;9,50;9,56;9,42;9,50;9,42;9,50;9,464;4509000;42672956;6;
2019-10-03;9,27;9,38;9,02;9,36;9,02;9,33;9,205;21257588;195678700,36;22;
2019-10-02;9,01;9,11;9,46;9,46;9,00;9,11;9,175;20277727;186049252,46;28;
2019-10-01;9,51;9,60;9,80;9,84;9,50;9,60;9,707;6571000;63785580;13;
2019-09-30;9,87;9,99;9,94;9,94;9,86;9,86;9,907;2150000;21299000;2;
2019-09-27;9,95;10,08;10,00;10,00;10,00;10,00;10,00;2500000;25000000;2;
2019-09-26;10,05;10,15;10,20;10,20;10,10;10,10;10,146;3501000;35522650;4;
2019-09-25;10,15;10,30;10,25;10,25;10,20;10,20;10,202;1300000;13262500;2;
2019-09-24;10,25;10,30;10,25;10,25;10,20;10,25;10,238;18900000;193505000;5;
2019-09-23;10,25;10,30;;;;10,25;;;;0;
2019-09-20;10,25;10,30;10,25;10,25;10,20;10,25;10,25;573800;5881260;4;
2019-09-19;10,22;10,29;10,25;10,25;10,25;10,25;10,25;1000000;10250000;1;
2019-09-18;10,20;10,29;10,25;10,25;10,25;10,25;10,25;200000;2050000;1;
2019-09-17;10,15;10,30;10,19;10,25;10,19;10,25;10,211;5257901;53687011,19;4;
2019-09-16;10,10;10,20;10,18;10,20;10,10;10,10;10,157;3515000;35702000;6;
2019-09-13;10,22;10,35;10,30;10,30;10,30;10,30;10,30;23554455;241106530,1;4;
2019-09-12;10,24;10,37;10,35;10,35;10,22;10,22;10,304;6700000;69038000;5;
2019-09-11;10,28;10,42;10,50;10,50;10,35;10,35;10,438;5000000;52187500;4;
2019-09-10;10,53;10,65;10,60;10,60;10,60;10,60;10,60;1250000;13250000;1;
2019-09-09;10,63;10,70;10,705;10,705;10,705;10,705;10,705;32612;349111,46;1;
2019-09-06;10,67;10,72;;;;10,72;;;;0;
2019-09-05;10,70;10,79;10,725;10,745;10,72;10,72;10,725;24731000;265244595;5;
2019-09-04;10,65;10,80;10,65;10,75;10,65;10,725;10,728;14030646;150526379,9;4;
2019-09-03;10,67;10,75;10,70;10,70;10,70;10,70;10,649;2549880;27153728;3;
2019-09-02;10,55;10,70;;;;10,70;;;;0;
2019-08-30;10,60;10,70;10,80;10,90;10,67;10,70;10,792;10302851;111191635,7;11;
2019-08-29;10,55;10,70;10,52;10,65;10,52;10,65;10,558;4250000;44872500;2;
2019-08-28;10,50;10,63;10,50;10,50;10,50;10,50;10,50;42373;444916,5;1;
2019-08-27;10,50;10,62;10,45;10,55;10,45;10,55;10,454;29500000;308400000;3;
2019-08-26;10,30;10,45;;;;10,40;;;;0;
2019-08-23;10,30;10,44;10,40;10,40;10,40;10,40;10,40;1000000;10400000;1;
2019-08-22;10,35;10,45;10,45;10,45;10,35;10,35;10,449;386202;4035468,2;2;
2019-08-21;10,30;10,45;10,40;10,40;10,40;10,40;10,40;2500000;26000000;2;
2019-08-20;10,40;10,55;10,40;10,40;10,40;10,40;10,40;43414;451505,6;1;
2019-08-19;10,40;10,50;10,40;10,40;10,40;10,40;10,40;150000;1560000;2;
2019-08-16;10,40;10,55;10,43;10,513;10,40;10,513;10,512;2513961;26426563,23;3;
2019-08-15;10,43;10,58;10,58;10,58;10,43;10,43;10,56;3011182;31797211;8;
2019-08-14;10,60;10,68;10,70;10,70;10,69;10,69;10,699;1402000;14999880;3;
2019-08-13;10,70;10,75;10,70;10,70;10,70;10,70;10,70;20000;214000;1;
2019-08-12;10,70;10,82;;;;10,82;;;;0;
2019-08-09;10,70;10,85;;;;10,82;;;;0;
2019-08-08;10,69;10,83;10,82;10,82;10,82;10,82;10,82;830000;8980600;1;
2019-08-07;10,70;10,85;10,82;10,82;10,82;10,82;10,82;2500000;27050000;3;
2019-08-06;10,82;10,98;;;;10,98;;;;0;
2019-08-02;10,82;10,98;;;;10,98;;;;0;
2019-08-01;10,83;10,98;10,98;10,98;10,98;10,98;10,98;16200;177876;2;
2019-07-31;10,85;10,98;10,98;10,98;10,98;10,98;10,98;20000;219600;1;
2019-07-30;10,85;10,98;10,95;10,95;10,85;10,85;10,949;3029000;33164650;2;
2019-07-29;10,82;10,98;;;;10,83;;;;0;
2019-07-26;10,82;10,91;10,83;10,83;10,83;10,83;10,83;234096;2535259,68;1;
2019-07-25;10,82;10,98;10,92;10,92;10,90;10,90;10,857;484872;5264334,8;4;
2019-07-24;10,83;10,98;10,905;10,905;10,905;10,905;10,905;405000;4416525;1;
2019-07-23;10,85;10,99;10,95;10,95;10,85;10,85;10,88;1450000;15776500;4;
2019-07-22;10,79;10,94;10,80;10,90;10,75;10,90;10,867;8487583;92237767,25;10;
2019-07-19;10,65;10,80;10,73;10,73;10,70;10,73;10,725;8500000;91165000;8;
2019-07-18;10,60;10,73;10,63;10,65;10,60;10,60;10,643;6301200;67060220;4;
2019-07-17;10,55;10,62;10,58;10,58;10,58;10,58;10,58;3650000;38617000;2;
2019-07-16;10,50;10,65;10,65;10,65;10,65;10,65;10,65;9202;98001,3;1;
2019-07-15;10,50;10,65;10,58;10,65;10,58;10,65;10,605;4879978;51751745,7;9;
2019-07-12;10,25;10,35;10,35;10,35;10,30;10,30;10,303;2078000;21407300;4;
2019-07-11;10,20;10,35;10,30;10,30;10,30;10,30;10,30;1200000;12360000;1;
2019-07-10;10,30;10,35;10,40;10,40;10,26;10,30;10,277;5872000;60343800;7;
2019-07-09;10,29;10,40;10,66;10,66;10,27;10,39;10,378;30006086;311391092,96;35;
2019-07-08;10,71;10,81;10,66;10,81;10,66;10,81;10,691;215000;2298650;2;
2019-07-05;10,69;10,81;10,80;10,80;10,80;10,80;10,80;1250000;13500000;1;
2019-07-04;10,85;10,96;;;;10,80;;;;0;
2019-07-03;10,80;10,96;;;;10,80;;;;0;
2019-07-02;10,80;10,96;10,80;10,80;10,80;10,80;10,80;11243;121424,4;1;
2019-07-01;10,80;10,96;11,16;11,16;10,90;10,90;10,946;3858944;42240815,04;7;
2019-06-28;11,06;11,10;;;;11,03;;;;0;
2019-06-27;11,04;11,18;11,03;11,05;11,03;11,03;11,031;331000;3651370;4;
2019-06-26;11,04;11,19;11,30;11,30;11,03;11,03;11,158;11569474;129096356,2;10;
2019-06-25;11,31;11,44;11,45;11,45;11,40;11,40;11,402;2086500;23790425;2;
2019-06-24;11,30;11,45;11,39;11,39;11,38;11,38;11,383;4250000;48377500;2;
2019-06-21;11,39;11,46;11,46;11,46;11,41;11,41;11,438;4500000;51470000;2;
2019-06-20;11,39;11,53;11,45;11,45;11,45;11,45;11,45;20000;229000;1;
2019-06-19;11,39;11,53;11,43;11,43;11,43;11,43;11,43;40000;457200;1;
2019-06-18;11,39;11,54;11,50;11,50;11,43;11,43;11,479;2700000;30945000;3;
2019-06-14;11,39;11,45;11,40;11,46;11,39;11,46;11,403;10750000;122585000;13;
2019-06-13;11,29;11,41;;;;11,43;;;;0;
2019-06-12;11,29;11,45;;;;11,43;;;;0;
2019-06-11;11,30;11,44;;;;11,43;;;;0;
2019-06-07;11,38;11,45;11,43;11,43;11,43;11,43;11,43;1256425;14360937,75;2;
2019-06-06;11,45;11,59;11,60;11,60;11,45;11,45;11,501;4612507;53047355,15;7;
2019-06-05;11,54;11,70;11,54;11,62;11,54;11,62;11,618;454054;5274983,16;2;
2019-06-04;11,54;11,68;11,53;11,68;11,53;11,56;11,562;9523000;110103640;6;
2019-06-03;11,37;11,53;11,50;11,50;11,50;11,50;11,50;2560586;29446739;4;
2019-05-31;11,53;11,67;11,80;11,80;11,53;11,53;11,641;10999165;128036580,75;8;
2019-05-29;11,75;11,87;11,80;11,80;11,80;11,80;11,80;2758425;32549415;7;
2019-05-28;11,70;11,87;11,875;11,875;11,78;11,78;11,847;7429921;88025567,8;9;
2019-05-27;11,85;11,95;12,23;12,23;11,80;11,90;11,896;36485817;434037912,3;11;
2019-05-24;12,00;12,12;11,97;12,15;11,97;12,12;12,067;31902000;384948040;14;
2019-05-23;11,88;11,97;11,815;11,97;11,815;11,97;11,844;53852956;637844064,42;7;
2019-05-22;11,73;11,90;11,85;11,85;11,85;11,85;11,85;5400000;63970000;4;
2019-05-21;11,73;11,78;11,80;11,80;11,73;11,78;11,732;3118000;36580400;3;
2019-05-20;11,66;11,82;11,70;11,70;11,70;11,70;11,70;850000;9945000;1;
2019-05-17;11,75;11,89;11,85;11,85;11,75;11,75;11,791;1230373;14506882,75;2;
2019-05-16;11,80;11,88;11,87;11,88;11,87;11,88;11,872;424987;5045932,37;6;
2019-05-15;11,72;11,85;11,85;11,85;11,785;11,80;11,785;15819489;186439540,2;5;
2019-05-14;11,80;11,87;11,87;11,87;11,80;11,87;11,853;8438925;100030277,38;6;
2019-05-13;11,72;11,88;11,80;11,88;11,80;11,80;11,80;11645000;137415000;5;
2019-05-10;11,63;11,80;11,80;11,80;11,63;11,715;11,719;10914750;127906434,5;9;
2019-05-09;11,65;11,80;11,77;11,77;11,66;11,70;11,667;22766931;266280042,57;9;
2019-05-08;11,63;11,77;11,50;11,77;11,50;11,77;11,66;11363000;132492215;6;
2019-05-07;11,35;;11,37;11,52;11,33;11,52;11,387;58979244;673833156,76;17;
2019-05-06;11,37;11,49;11,48;11,54;11,40;11,49;11,471;7835000;89876700;6;
2019-05-03;11,34;11,50;11,48;11,48;11,48;11,48;11,48;2500000;28700000;2;
2019-05-02;11,48;11,65;11,65;11,65;11,65;11,65;11,65;8583;99991,95;1;
2019-04-30;11,60;11,65;11,60;11,65;11,60;11,65;11,601;1530000;17749500;2;
2019-04-29;11,43;11,59;11,48;11,55;11,48;11,55;11,546;1321506;15258388,88;2;
2019-04-26;11,38;11,50;11,65;11,65;11,48;11,48;11,52;4010847;46205490,5;5;
2019-04-24;11,58;11,75;11,70;11,87;11,58;11,58;11,667;3519400;41060278;5;
2019-04-23;11,73;11,90;11,90;11,90;11,815;11,815;11,815;3004000;35492600;2;
2019-04-17;11,79;11,94;11,90;11,94;11,90;11,90;11,901;1734226;20639289,4;4;
2019-04-16;11,80;11,94;11,95;11,95;11,78;11,78;11,816;23585000;278688900;6;
2019-04-15;11,90;12,07;11,36;12,07;11,36;12,07;11,739;15036383;176511497,85;31;
2019-04-12;11,00;11,11;10,93;11,10;10,93;11,10;11,027;4386838;48373186,05;13;
2019-04-11;10,77;10,93;10,59;10,86;10,59;10,86;10,672;33250000;354850000;17;
2019-04-10;10,48;10,60;10,33;10,60;10,33;10,55;10,441;10479537;109416232,3;15;
2019-04-09;10,25;10,33;10,25;10,30;10,25;10,30;10,30;1266754;13047520,2;6;
2019-04-08;10,18;10,33;10,20;10,27;10,20;10,27;10,243;11415000;116928000;12;
2019-04-05;10,12;10,20;10,09;10,20;10,05;10,19;10,088;54429889;549101684,45;15;
2019-04-04;10,00;10,09;10,09;10,09;10,00;10,00;10,047;22668382;227709739,72;7;
2019-04-03;10,08;10,09;10,02;10,09;10,02;10,09;10,071;9349303;94154695,15;5;
2019-04-02;9,95;10,05;10,05;10,05;10,05;10,05;10,05;240000;2412000;3;
2019-04-01;9,91;10,04;9,975;10,04;9,975;9,975;9,976;5540000;55264100;3;
2019-03-29;9,90;10,04;10,11;10,11;9,98;10,04;10,095;20957374;210609147,68;14;
2019-03-28;10,05;10,11;9,94;10,11;9,94;10,11;10,039;9500000;95370000;13;
2019-03-27;9,90;10,05;9,95;10,05;9,95;10,05;10,007;2749750;27517487,5;5;
2019-03-26;9,85;10,00;9,85;9,925;9,85;9,925;9,911;1850000;18335000;2;
2019-03-25;9,65;9,80;9,80;9,80;9,70;9,70;9,783;2050000;20055000;6;
2019-03-22;9,90;10,10;10,00;10,00;10,00;10,00;10,00;648708;6487080;2;
2019-03-21;9,95;10,15;10,00;10,10;10,00;10,10;10,002;3050000;30505000;2;
2019-03-20;9,95;10,10;10,10;10,10;10,00;10,00;10,002;21450000;214545000;5;
2019-03-19;10,00;10,25;10,15;10,15;10,125;10,125;10,128;15000000;151925000;6;
2019-03-18;10,05;10,30;9,90;10,15;9,90;10,15;10,03;2765000;27732500;7;
2019-03-15;9,80;9,95;9,90;9,95;9,90;9,90;9,916;570150;5653492,5;4;
2019-03-14;9,85;10,00;9,90;10,00;9,90;10,00;9,923;4929000;48908750;8;
2019-03-13;9,70;9,90;9,60;9,85;9,60;9,83;9,689;3905400;37827640;11;
2019-03-12;9,50;9,60;9,55;9,60;9,55;9,60;9,551;3736877;35689175,35;6;
2019-03-11;9,40;9,60;;;;9,475;;;;0;
2019-03-08;9,40;9,55;9,475;9,475;9,475;9,475;9,475;1000000;9475000;1;
2019-03-07;9,40;9,55;9,50;9,60;9,50;9,55;9,557;1050000;10035000;3;
2019-03-06;9,35;9,45;9,45;9,45;9,45;9,45;9,45;9027500;85309875;4;
2019-03-05;9,40;9,50;9,35;9,35;9,35;9,35;9,35;160000;1496000;1;
2019-03-04;9,30;9,50;;;;9,40;;;;0;
2019-03-01;9,40;9,60;9,40;9,40;9,40;9,40;9,40;5312;49932,8;1;
2019-02-28;9,50;9,60;9,30;9,60;9,30;9,50;9,434;17600000;166042500;7;
2019-02-27;9,10;9,30;9,05;9,20;9,05;9,20;9,083;22061910;200388381;6;
2019-02-26;9,00;9,20;8,90;9,05;8,90;9,05;9,05;1756425;15894682,5;3;
2019-02-25;8,90;9,05;8,95;8,95;8,95;8,95;8,95;12150000;108742500;3;
2019-02-22;8,80;8,95;8,70;8,90;8,70;8,90;8,859;1382179;12245033,95;4;
2019-02-21;8,70;8,90;;;;8,80;;8000000;70400000;1;
2019-02-20;8,70;8,90;8,80;8,80;8,80;8,80;8,80;9000000;79200000;3;
2019-02-19;8,70;8,90;8,70;8,70;8,70;8,70;8,70;5210;45327;1;
2019-02-18;8,75;8,90;8,80;8,90;8,80;8,90;8,839;3929600;34735480;3;
2019-02-15;8,70;8,90;8,80;8,90;8,80;8,80;8,805;10957545;96478896;4;
2019-02-14;8,70;8,80;8,775;8,775;8,775;8,775;8,775;5500000;48262500;1;
2019-02-13;8,70;8,90;8,80;8,80;8,80;8,80;8,80;5000000;44000000;1;
2019-02-12;8,70;8,90;8,65;8,85;8,65;8,85;8,714;2422858;21112293,3;8;
2019-02-11;8,65;8,75;8,80;8,80;8,80;8,80;8,80;132585;1166748;1;
2019-02-08;8,65;8,80;;;;8,85;;;;0;
2019-02-07;8,65;8,85;8,75;8,85;8,75;8,85;8,767;1813000;15895050;3;
2019-02-06;8,65;8,85;;;;8,75;;;;0;
2019-02-05;8,65;8,85;8,75;8,75;8,75;8,75;8,75;2300000;20125000;3;
2019-02-04;8,55;8,75;;;;8,60;;;;0;
2019-02-01;8,55;8,75;8,60;8,60;8,60;8,60;8,60;100000;860000;1;
2019-01-31;8,55;8,75;8,65;8,65;8,65;8,65;8,65;1000000;8650000;1;
2019-01-30;8,60;8,75;8,65;8,70;8,65;8,70;8,681;20212419;173106530,9;4;
2019-01-29;8,55;8,70;8,60;8,65;8,60;8,65;8,645;930283;8041947,95;3;
2019-01-28;8,50;8,70;8,70;8,70;8,70;8,70;8,70;10569730;91956651;2;
2019-01-25;8,55;8,70;8,60;8,65;8,50;8,65;8,551;4700000;40187500;4;
2019-01-24;8,40;8,60;;;;8,40;;;;0;
2019-01-23;8,40;8,55;8,45;8,45;8,35;8,40;8,39;4368721;36653573,45;7;
2019-01-22;8,25;8,40;;;;8,30;;;;0;
2019-01-21;8,25;8,45;8,30;8,30;8,30;8,30;8,30;500000;4150000;1;
2019-01-18;8,25;8,45;8,35;8,35;8,35;8,35;8,35;1350000;11272500;2;
2019-01-17;8,35;8,55;8,50;8,50;8,35;8,35;8,484;950000;8060000;3;
2019-01-16;8,35;8,50;8,40;8,40;8,40;8,40;8,40;3200000;26880000;2;
2019-01-15;8,25;8,40;8,35;8,35;8,35;8,35;8,35;2000000;16700000;2;
2019-01-14;8,20;8,40;8,20;8,20;8,20;8,20;8,20;2554;20942,8;1;
2019-01-11;8,20;8,40;;;;8,35;;;;0;
2019-01-10;8,20;8,40;8,25;8,35;8,25;8,35;8,326;3713552;30918159,2;4;
2019-01-09;8,15;8,35;;;;8,10;;;;0;
2019-01-08;8,10;8,30;8,25;8,25;8,10;8,10;8,237;1098000;9043800;2;
2019-01-07;8,10;8,30;8,20;8,20;8,20;8,20;8,20;1150000;9430000;2;
2019-01-04;8,20;8,35;8,30;8,35;8,30;8,35;8,302;1390461;11542849,35;6;
2019-01-03;8,40;8,55;;;;8,55;;;;0;
2019-01-02;8,45;8,65;;;;8,55;;;;0;
2018-12-28;8,45;8,65;8,55;8,55;8,55;8,55;8,55;57908;495113,4;1;
2018-12-27;8,45;8,65;;;;8,55;;;;0;
2018-12-21;8,45;8,65;8,65;8,65;8,55;8,55;8,552;869303;7434470,95;3;
2018-12-20;8,55;8,75;;;;8,70;;;;0;
2018-12-19;8,55;8,75;;;;8,70;;3000000;26100000;1;
2018-12-18;8,55;8,75;8,70;8,70;8,70;8,70;8,70;7449963;64814678,1;1;
2018-12-17;8,55;8,75;;;;8,70;;;;0;
2018-12-14;8,55;8,75;8,70;8,70;8,70;8,70;8,70;350000;3045000;1;
2018-12-13;8,55;8,70;8,675;8,675;8,675;8,675;8,675;2600000;22555000;1;
2018-12-12;8,55;8,70;8,625;8,625;8,625;8,625;8,625;83158284;727609985;2;
2018-12-11;8,55;8,70;8,75;8,75;8,75;8,75;8,75;22857;199998,75;1;
2018-12-10;8,55;8,75;;;;8,70;;;;0;
2018-12-07;8,60;8,70;8,70;8,70;8,70;8,70;8,70;500000;4350000;1;
2018-12-06;8,50;8,70;;;;8,50;;;;0;
2018-12-05;8,40;8,60;8,60;8,60;8,50;8,50;8,513;3070000;26134500;5;
2018-12-04;8,60;8,80;;;;8,75;;;;0;
2018-12-03;8,60;8,80;8,60;8,75;8,60;8,75;8,712;882000;7683700;4;
2018-11-30;8,55;8,70;8,60;8,65;8,60;8,65;8,625;700000;6037500;2;
2018-11-29;8,10;8,20;8,00;8,30;8,00;8,20;8,132;2399999;19517492;8;
2018-11-28;8,50;8,60;8,50;8,50;8,50;8,50;8,50;6920;58820;2;
2018-11-27;8,50;8,70;8,50;8,50;8,50;8,50;8,50;6000000;51000000;1;
2018-11-26;8,55;8,70;8,70;8,70;8,55;8,65;8,653;9411141;81380101,8;8;
2018-11-23;8,70;8,90;8,70;8,70;8,70;8,70;8,70;10000;87000;1;
2018-11-22;8,70;8,90;8,50;8,75;8,50;8,75;8,647;2296921;19860583,6;6;
2018-11-21;8,30;8,50;8,25;8,35;8,25;8,35;8,277;13398657;112012353,1;12;
2018-11-20;8,20;8,30;;;;8,25;;;;0;
2018-11-19;8,20;8,30;8,20;8,35;8,20;8,25;8,293;17323918;142955358,35;12;
2018-11-16;7,90;8,00;7,90;7,90;7,90;7,90;7,90;14456;114202,4;1;
2018-11-15;7,90;8,00;;;;8,00;;;;0;
2018-11-14;7,90;8,00;;;;8,00;;;;0;
2018-11-13;7,90;8,00;7,95;8,00;7,90;8,00;7,949;434478;3453524;3;
2018-11-12;8,00;8,05;8,05;8,10;8,00;8,00;8,065;497062;4008596;4;
2018-11-09;7,95;8,05;8,00;8,05;8,00;8,05;8,025;2000000;16050000;2;
2018-11-08;7,95;8,00;8,00;8,00;8,00;8,00;8,00;14379696;115037568;3;
2018-11-07;7,95;8,10;7,85;8,00;7,85;8,00;7,99;10350000;82700000;5;
2018-11-06;7,85;7,95;7,90;7,95;7,90;7,90;7,903;5679500;44884050;5;
2018-11-05;7,85;7,95;7,65;7,95;7,55;7,90;7,829;9548184;74748153,6;11;
2018-11-02;7,45;7,60;;;;7,525;;;;0;
2018-11-01;7,45;7,60;7,525;7,525;7,525;7,525;7,525;10727987;80728102,18;1;
2018-10-31;7,45;7,60;7,45;7,45;7,45;7,45;7,45;52812;393449,4;1;
2018-10-30;7,50;7,60;7,60;7,60;7,50;7,50;7,547;1500000;11320000;4;
2018-10-29;7,60;7,75;;;;7,60;;;;0;
2018-10-26;7,60;7,70;7,70;7,70;7,60;7,60;7,65;3154095;24130105,5;4;
2018-10-25;7,70;7,75;7,70;7,70;7,70;7,70;7,70;400000;3080000;1;
2018-10-24;7,60;7,75;7,60;7,65;7,60;7,65;7,65;903303;6909946,7;2;
2018-10-23;7,65;7,75;;;;7,60;;;;0;
2018-10-22;7,65;7,75;;;;7,60;;;;0;
2018-10-19;7,60;7,75;;;;7,60;;;;0;
2018-10-18;7,60;7,75;7,60;7,60;7,60;7,60;7,60;20000;152000;1;
2018-10-17;7,60;7,75;7,70;7,70;7,70;7,70;7,70;350000;2695000;1;
2018-10-16;7,70;7,85;7,70;7,70;7,70;7,70;7,70;150000;1155000;1;
2018-10-15;7,70;7,85;;;;7,70;;;;0;
2018-10-12;7,70;7,85;7,80;7,80;7,70;7,70;7,736;1000000;7736413,7;4;
2018-10-11;7,75;7,90;7,80;7,80;7,80;7,80;7,80;1000000;7800000;1;
2018-10-10;7,80;7,95;7,80;7,95;7,80;7,95;7,835;27798314;217788099,2;5;
2018-10-09;7,75;7,85;7,80;7,80;7,80;7,80;7,80;7500000;58500000;2;
2018-10-08;7,75;7,85;7,80;7,85;7,80;7,85;7,802;2065000;16110250;2;
2018-10-05;7,75;7,85;7,80;7,80;7,775;7,80;7,777;8555000;66529000;3;
2018-10-04;7,70;7,85;7,85;7,85;7,85;7,85;7,85;2500000;19625000;1;
2018-10-03;7,75;7,85;;;;7,75;;;;0;
2018-10-02;7,70;7,80;7,80;7,80;7,75;7,75;7,783;1000000;7782500;2;
2018-10-01;7,80;7,90;7,80;7,80;7,80;7,80;7,80;31000;241800;1;
2018-09-28;7,80;7,90;;;;7,80;;;;0;
2018-09-27;7,80;7,90;;;;7,80;;;;0;
2018-09-26;7,80;7,90;7,80;7,80;7,80;7,80;7,80;2326;18142,8;1;
2018-09-25;7,80;7,90;7,80;7,80;7,80;7,80;7,80;500000;3900000;2;
2018-09-24;7,80;7,90;;;;7,875;;;;0;
2018-09-21;7,80;7,95;7,875;7,875;7,875;7,875;7,875;8000000;63000000;1;
2018-09-20;7,80;7,95;;;;7,90;;;;0;
2018-09-19;7,85;7,95;7,95;7,95;7,90;7,90;7,921;1563291;12382498,9;3;
2018-09-18;7,90;8,05;7,85;8,05;7,85;8,05;8,029;2218497;17812701,45;6;
2018-09-17;7,85;8,00;;;;7,85;;;;0;
2018-09-14;7,85;7,95;7,90;7,90;7,85;7,85;7,896;701833;5541953,3;3;
2018-09-13;7,80;7,95;7,90;7,95;7,90;7,95;7,941;1850000;14690000;4;
2018-09-12;7,80;7,90;7,65;7,85;7,65;7,80;7,807;1829084;14294420,15;9;
2018-09-11;7,65;7,90;7,90;7,90;7,75;7,75;7,816;2000000;15631250;6;
2018-09-10;7,90;8,05;8,00;8,00;8,00;8,00;8,00;612901;4903208;2;
2018-09-07;8,00;8,20;;;;8,00;;;;0;
2018-09-06;8,00;8,20;;;;8,00;;;;0;
2018-09-05;8,00;8,15;8,075;8,075;8,00;8,00;8,068;11000000;88750000;2;
2018-09-04;8,00;8,15;;;;8,075;;;;0;
2018-09-03;8,00;8,15;8,075;8,075;8,075;8,075;8,075;250000;2018750;1;
2018-08-31;8,00;8,15;;;;8,10;;20000000;160000000;1;
2018-08-30;8,00;8,15;;;;8,10;;;;0;
2018-08-29;8,00;8,15;8,10;8,10;8,10;8,10;8,10;250000;2025000;1;
2018-08-28;8,00;8,15;;;;8,15;;;;0;
2018-08-27;8,00;8,10;8,15;8,15;8,15;8,15;8,15;48601;396098,15;1;
2018-08-24;8,00;8,20;;;;8,20;;;;0;
2018-08-23;8,00;8,15;;;;8,20;;;;0;
2018-08-22;8,00;8,20;8,15;8,20;8,15;8,20;8,155;224300;1829260;2;
2018-08-21;8,00;8,15;8,15;8,15;8,00;8,00;8,128;62500;508025;2;
2018-08-20;8,05;8,15;8,00;8,00;8,00;8,00;8,00;85553;684424;2;
2018-08-17;8,00;8,15;;;;8,00;;;;0;
2018-08-16;8,00;8,15;8,00;8,00;8,00;8,00;8,00;39301781;314414248;3;
2018-08-15;8,00;8,15;8,075;8,075;8,075;8,075;8,075;1000000;8075000;1;
2018-08-14;8,00;8,15;;;;8,00;;;;0;
2018-08-13;8,00;8,15;8,05;8,05;8,00;8,00;8,037;12522895;100646804,75;3;
2018-08-10;8,00;8,15;8,05;8,05;8,05;8,05;8,05;710000;5715500;1;
2018-08-09;8,00;8,15;;;;8,10;;;;0;
2018-08-08;8,00;8,10;8,10;8,10;8,10;8,10;8,10;330000;2673000;1;
2018-08-07;8,00;8,15;8,05;8,05;8,00;8,00;8,048;193877;1560388,6;3;
2018-08-03;8,00;8,10;;;;8,00;;;;0;
2018-08-02;8,00;8,10;;;;8,00;;;;0;
2018-08-01;8,00;8,10;8,00;8,10;8,00;8,00;8,03;50031;401748;3;
2018-07-31;8,00;8,20;;;;8,05;;;;0;
2018-07-30;8,00;8,10;;;;8,05;;;;0;
2018-07-27;8,00;8,10;8,00;8,10;8,00;8,05;8,023;3118100;25015950;7;
2018-07-26;7,85;7,95;7,90;7,90;7,85;7,85;7,90;1225239;9704981,85;8;
2018-07-25;7,90;8,00;8,05;8,05;8,05;8,05;8,05;40000;322000;1;
2018-07-24;8,00;8,05;;;;8,00;;;;0;
2018-07-23;7,90;8,05;;;;8,00;;1608000;12864000;1;
2018-07-20;7,90;8,05;;;;8,00;;;;0;
2018-07-19;7,90;8,05;;;;8,00;;13890000;111120000;1;
2018-07-18;7,90;8,05;8,05;8,05;8,00;8,00;8,00;1000010;8000080,5;2;
2018-07-17;7,90;8,05;;;;7,95;;;;0;
2018-07-16;7,90;8,05;;;;7,95;;;;0;
2018-07-13;7,90;8,05;;;;7,95;;;;0;
2018-07-12;7,95;8,05;;;;7,95;;;;0;
2018-07-11;7,90;8,05;7,95;7,95;7,95;7,95;7,95;850000;6757500;2;
2018-07-10;7,80;7,95;;;;7,85;;;;0;
2018-07-09;7,80;7,95;7,85;7,85;7,85;7,85;7,85;850000;6672500;2;
2018-07-06;7,80;8,00;7,75;7,85;7,75;7,85;7,809;1438242;11231375,5;4;
2018-07-05;7,65;7,75;7,75;7,75;7,75;7,75;7,75;20250000;156937500;3;
2018-07-04;7,70;7,75;;;;7,75;;;;0;
2018-07-03;7,65;7,75;7,75;7,75;7,75;7,75;7,75;155947;1208589,25;1;
2018-07-02;7,65;7,80;7,60;7,75;7,60;7,75;7,629;15850000;120912500;4;
2018-06-29;7,55;7,70;;;;7,65;;;;0;
2018-06-28;7,55;7,70;7,65;7,65;7,65;7,65;7,65;20000000;153000000;1;
2018-06-27;7,55;7,70;;;;7,65;;;;0;
2018-06-26;7,55;7,70;7,60;7,65;7,60;7,65;7,602;9350000;71077500;2;
2018-06-25;7,50;7,65;7,65;7,65;7,65;7,65;7,65;311400;2382210;1;
2018-06-22;7,50;7,65;;;;7,60;;;;0;
2018-06-21;7,50;7,65;7,60;7,60;7,60;7,60;7,60;850000;6460000;2;
2018-06-20;7,65;7,75;7,70;7,75;7,70;7,75;7,701;1380000;10627500;3;
2018-06-19;7,45;7,60;;;;7,45;;;;0;
2018-06-18;7,45;7,60;;;;7,45;;;;0;
2018-06-15;7,50;7,60;;;;7,45;;;;0;
2018-06-14;7,40;7,55;7,45;7,45;7,45;7,45;7,45;10000000;74500000;1;
2018-06-13;7,45;7,55;7,45;7,45;7,45;7,45;7,45;340000;2533000;1;
2018-06-12;7,45;7,55;7,40;7,475;7,40;7,475;7,458;259000;1931600;2;
2018-06-11;7,45;7,55;;;;7,45;;;;0;
2018-06-08;7,45;7,55;7,45;7,45;7,45;7,45;7,45;400000;2980000;1;
2018-06-07;7,45;7,55;7,45;7,45;7,45;7,45;7,45;3928476;29267146,2;9;
2018-06-06;7,45;7,55;;;;7,60;;;;0;
2018-06-05;7,45;7,55;;;;7,60;;;;0;
2018-06-04;7,45;7,55;7,70;7,70;7,60;7,60;7,65;1700000;13005000;4;
2018-06-01;7,70;7,85;7,85;7,85;7,85;7,85;7,85;25500;200175;1;
2018-05-31;7,70;7,85;7,95;7,95;7,80;7,80;7,87;1238696;9748698,85;6;
2018-05-30;7,95;8,10;;;;8,10;;;;0;
2018-05-29;7,95;8,10;8,10;8,10;8,10;8,10;8,10;18272;148003,2;1;
2018-05-28;7,95;8,10;8,05;8,05;8,05;8,05;8,05;23500000;189175000;1;
2018-05-25;8,00;8,10;8,05;8,05;8,05;8,05;8,05;6125715;49312005,75;4;
2018-05-24;7,90;8,05;8,05;8,05;8,00;8,00;8,007;1392395;11148510;3;
2018-05-23;7,90;8,05;8,00;8,00;8,00;8,00;8,00;5000000;40000000;1;
2018-05-22;7,95;8,05;;;;7,95;;;;0;
2018-05-18;7,90;8,05;7,95;7,95;7,95;7,95;7,95;9000000;71550000;3;
2018-05-17;7,85;8,00;7,90;8,00;7,90;8,00;7,98;38625000;308240000;11;
2018-05-16;7,75;7,90;;;;7,85;;;;0;
2018-05-15;7,75;7,90;7,85;7,85;7,85;7,85;7,85;1000000;7850000;1;
2018-05-14;7,75;7,85;7,80;7,80;7,80;7,80;7,80;450000;3510000;1;
2018-05-11;7,65;7,75;7,75;7,75;7,70;7,75;7,739;4450000;34440000;4;
2018-05-09;7,75;7,85;;;;7,80;;;;0;
2018-05-08;7,75;7,90;7,80;7,80;7,80;7,80;7,80;350000;2730000;1;
2018-05-07;7,85;8,00;;;;7,90;;;;0;
2018-05-04;7,85;8,00;;;;7,90;;;;0;
2018-05-03;7,85;8,00;;;;7,90;;;;0;
2018-05-02;7,90;8,00;;;;7,90;;;;0;
2018-04-30;7,90;8,00;7,90;7,90;7,90;7,90;7,90;1345635;10730516,5;2;
2018-04-27;7,90;8,05;;;;8,05;;6000000;48000000;1;
2018-04-26;8,05;8,10;8,00;8,05;8,00;8,05;8,005;10808495;86482960;4;
2018-04-25;7,95;8,10;7,95;8,05;7,95;8,05;8,028;2750000;22077250;5;
2018-04-24;7,80;7,95;7,875;7,875;7,875;7,875;7,875;12000000;94500000;3;
2018-04-23;7,85;7,95;7,90;7,90;7,90;7,90;7,90;63291;499998,9;1;
2018-04-20;7,80;7,95;;;;7,85;;;;0;
2018-04-18;7,75;7,90;;;;7,85;;;;0;
2018-04-17;7,75;7,90;8,00;8,00;7,85;7,85;7,918;2600000;20587500;6;
2018-04-16;8,05;8,10;8,10;8,10;8,10;8,10;8,10;500000;4050000;1;
2018-04-13;8,10;8,30;8,20;8,20;8,20;8,20;8,20;3000000;24600000;1;
2018-04-12;8,10;8,30;;;;8,225;;;;0;
2018-04-11;8,10;8,30;;;;8,225;;;;0;
2018-04-10;8,10;8,30;;;;8,225;;;;0;
2018-04-09;8,15;8,30;8,30;8,30;8,225;8,225;8,229;15850000;130430000;4;
2018-04-06;8,10;8,30;;;;8,30;;;;0;
2018-04-05;8,10;8,30;8,30;8,30;8,30;8,30;8,30;70000;581000;1;
2018-04-04;8,10;8,30;;;;8,25;;;;0;
2018-04-03;8,10;8,30;;;;8,25;;;;0;
2018-03-28;8,10;8,30;8,25;8,25;8,25;8,25;8,25;7000000;57750000;1;
2018-03-27;8,15;8,30;8,25;8,30;8,25;8,25;8,257;7259500;59943850;4;
2018-03-26;8,15;8,30;8,20;8,25;8,15;8,25;8,195;11800000;96705000;5;
2018-03-23;8,10;8,20;8,15;8,15;8,15;8,15;8,15;5198732;42369665,8;1;
2018-03-22;8,05;8,25;8,10;8,10;8,10;8,10;8,10;2000000;16200000;2;
2018-03-21;8,00;8,10;8,10;8,10;8,10;8,10;8,10;559000;4527900;2;
2018-03-20;8,00;8,10;8,00;8,05;8,00;8,05;8,044;41163384;328338702,8;5;
2018-03-19;7,95;8,05;7,95;8,00;7,85;8,00;7,87;11800000;92860000;6;
2018-03-16;7,80;7,90;7,40;7,90;7,40;7,90;7,694;28729092;220445729,4;33;
