SIMINN;SÃ­minn;telecom;
Date;Bid;Ask;Opening price;High price;Low price;Closing price;Average price;Total volume;Turnover;Trades;
2020-11-13;7,43;7,54;7,54;7,54;7,43;7,54;7,434;1501326;11160498,04;3;
2020-11-12;7,43;7,53;7,49;7,49;7,48;7,48;7,487;7520000;56299800;5;
2020-11-11;7,49;7,58;7,48;7,58;7,48;7,535;7,52;51065000;383956500;10;
2020-11-10;7,49;7,58;7,65;7,65;7,49;7,50;7,534;7821000;58925500;10;
2020-11-09;7,58;7,67;7,53;7,66;7,51;7,65;7,585;33635843;255125565,05;19;
2020-11-06;7,40;7,50;7,50;7,50;7,50;7,50;7,50;2214000;16605000;3;
2020-11-05;7,40;7,51;7,51;7,52;7,45;7,50;7,505;45736322;343254378,22;10;
2020-11-04;7,39;7,49;;;;7,50;;;;0;
2020-11-03;7,40;7,45;7,45;7,50;7,44;7,50;7,445;6340000;47202000;3;
2020-11-02;7,40;7,50;7,44;7,50;7,40;7,45;7,423;328074;2435229,56;8;
2020-10-30;7,39;7,49;7,55;7,55;7,44;7,44;7,478;27000000;194430000;7;
2020-10-29;7,49;7,59;7,49;7,55;7,49;7,55;7,504;25230000;189332900;6;
2020-10-28;7,41;7,51;7,60;7,60;7,44;7,44;7,527;56840311;429651138,05;17;
2020-10-27;7,42;7,48;7,43;7,48;7,43;7,48;7,44;39500000;293894000;8;
2020-10-26;7,34;7,43;7,33;7,33;7,33;7,33;7,33;7630;55927,9;1;
2020-10-23;7,38;7,46;7,35;7,50;7,35;7,42;7,448;32187000;239725460;19;
2020-10-22;7,14;7,23;7,24;7,24;7,185;7,185;7,229;12500000;90362500;2;
2020-10-21;7,15;7,24;7,22;7,24;7,195;7,195;7,203;16055000;115643200;6;
2020-10-20;7,12;7,20;7,18;7,18;7,12;7,12;7,175;7125528;51123761,6;6;
2020-10-19;7,10;7,16;7,15;7,16;7,13;7,16;7,145;40030000;286014800;4;
2020-10-16;7,05;7,15;7,15;7,15;7,05;7,10;7,127;20504700;146127365;7;
2020-10-15;7,05;7,15;7,20;7,20;7,10;7,10;7,119;8059999;57379492,8;5;
2020-10-14;7,10;7,17;7,13;7,15;7,13;7,15;7,131;4453000;31753890;2;
2020-10-13;7,11;7,18;7,10;7,20;7,10;7,13;7,153;23515122;168207866,3;9;
2020-10-12;7,08;7,18;7,085;7,18;7,06;7,18;7,114;31010000;220761200;10;
2020-10-09;7,07;7,13;6,95;7,12;6,95;7,08;7,054;40615028;286515998,24;13;
2020-10-08;6,91;7,00;6,94;6,97;6,93;6,95;6,953;37500000;260750000;8;
2020-10-07;6,85;6,95;6,85;6,88;6,83;6,88;6,872;18149667;124715218,95;5;
2020-10-06;6,81;6,89;6,87;6,87;6,82;6,82;6,83;10500000;71710000;3;
2020-10-05;6,84;6,94;6,90;6,90;6,90;6,90;6,90;4000000;27600000;2;
2020-10-02;6,87;6,97;6,90;6,94;6,90;6,94;6,92;16575121;114691339,74;5;
2020-10-01;6,87;6,94;6,87;6,94;6,87;6,94;6,884;180560;1242897,2;2;
2020-09-30;6,88;6,93;6,93;6,93;6,93;6,93;6,93;13000000;90090000;3;
2020-09-29;6,81;6,88;6,90;6,90;6,84;6,88;6,856;33652300;230719163;13;
2020-09-28;6,90;6,97;6,88;6,925;6,88;6,90;6,925;13112319;90798400,94;6;
2020-09-25;6,90;7,00;6,96;6,96;6,90;6,90;6,94;3967271;27532747,5;4;
2020-09-24;6,94;7,02;7,02;7,02;6,96;6,96;6,98;27032689;180287856,78;5;
2020-09-23;6,96;7,01;6,99;7,03;6,95;7,00;6,99;8200633;57318992,46;8;
2020-09-22;6,91;6,95;6,72;6,94;6,72;6,94;6,852;85610121;587305013,12;24;
2020-09-21;6,69;6,75;6,80;6,80;6,70;6,72;6,758;16909000;114269730;7;
2020-09-18;6,80;6,87;6,91;6,91;6,85;6,85;6,872;10500000;72155000;3;
2020-09-17;6,86;6,93;6,895;6,93;6,84;6,93;6,906;20802993;144037584,36;9;
2020-09-16;6,85;6,95;6,90;6,90;6,90;6,90;6,90;3074000;21210600;3;
2020-09-15;6,85;6,95;6,85;6,90;6,85;6,90;6,891;15707000;108228300;5;
2020-09-14;6,80;6,89;6,82;6,86;6,80;6,86;6,85;31000000;212360000;9;
2020-09-11;6,78;6,88;6,74;6,85;6,74;6,80;6,792;42400000;287998000;8;
2020-09-10;6,74;6,80;6,83;6,83;6,74;6,74;6,794;11610121;78878822,8;8;
2020-09-09;6,77;6,82;6,72;6,86;6,72;6,86;6,801;12012315;81701788,8;9;
2020-09-08;6,74;6,82;6,82;6,82;6,78;6,78;6,804;4921000;33484380;6;
2020-09-07;6,78;6,88;6,86;6,88;6,82;6,82;6,853;17786000;121892520;6;
2020-09-04;6,76;6,86;6,88;6,90;6,79;6,79;6,856;25990000;178183975;14;
2020-09-03;6,79;6,88;6,84;6,89;6,76;6,80;6,841;79573000;544917850;38;
2020-09-02;6,85;6,92;6,79;6,94;6,79;6,84;6,87;37652744;258689904,93;25;
2020-09-01;6,66;6,74;6,70;6,70;6,70;6,70;6,70;20309701;136074996,7;2;
2020-08-31;6,68;6,72;6,75;6,75;6,68;6,68;6,699;4011900;26874912;4;
2020-08-28;6,71;6,74;6,70;6,74;6,70;6,74;6,725;34500000;232002500;9;
2020-08-27;6,61;6,67;6,50;6,67;6,50;6,67;6,602;59105546;390194399;22;
2020-08-26;6,42;6,50;6,47;6,50;6,42;6,42;6,483;8260121;53551976,82;5;
2020-08-25;6,47;6,55;6,41;6,54;6,41;6,54;6,47;44425000;287434992;17;
2020-08-24;6,38;6,44;6,43;6,43;6,38;6,40;6,412;27027374;173289651,12;10;
2020-08-21;6,41;6,44;6,40;6,44;6,40;6,44;6,44;8110121;52224774,4;3;
2020-08-20;6,40;6,45;6,445;6,445;6,445;6,445;6,445;12000000;77340000;2;
2020-08-19;6,42;6,49;6,45;6,49;6,45;6,49;6,451;3100000;19999000;2;
2020-08-18;6,42;6,49;6,45;6,47;6,45;6,47;6,451;3532500;22787775;3;
2020-08-17;6,41;6,49;6,495;6,495;6,44;6,45;6,457;20815000;134398600;7;
2020-08-14;6,47;6,52;6,65;6,65;6,56;6,56;6,588;13115000;86402000;6;
2020-08-13;6,60;6,65;6,49;6,605;6,49;6,605;6,593;36655000;241647500;6;
2020-08-12;6,49;6,58;6,60;6,60;6,55;6,55;6,578;31360000;206046500;9;
2020-08-11;6,56;6,65;6,53;6,69;6,53;6,60;6,622;35986353;238295475,44;20;
2020-08-10;6,44;6,53;6,44;6,48;6,44;6,48;6,449;20000000;128975000;6;
2020-08-07;6,29;6,37;6,55;6,55;6,35;6,39;6,414;23063064;148293069,2;13;
2020-08-06;6,48;6,57;6,38;6,55;6,38;6,53;6,471;52282693;338314359,5;12;
2020-08-05;6,35;6,40;6,33;6,39;6,33;6,39;6,354;13681609;86928217,15;8;
2020-08-04;6,25;6,30;6,20;6,295;6,13;6,295;6,235;26800302;167087338,5;11;
2020-07-31;6,11;6,20;6,10;6,14;6,10;6,14;6,134;5200000;31895000;3;
2020-07-30;6,04;6,11;6,095;6,095;6,05;6,05;6,064;10000000;60635000;2;
2020-07-29;6,11;6,19;6,12;6,16;6,00;6,16;6,096;23600000;143864000;9;
2020-07-28;6,12;6,20;6,25;6,25;6,15;6,15;6,184;28000000;173160000;6;
2020-07-27;6,22;6,27;6,22;6,22;6,22;6,22;6,22;3000000;18660000;1;
2020-07-24;6,22;6,30;6,255;6,26;6,255;6,26;6,255;6000000;37532500;3;
2020-07-23;6,22;6,30;6,24;6,29;6,24;6,29;6,263;10500000;65760000;5;
2020-07-22;6,18;6,25;6,155;6,22;6,155;6,22;6,183;14500000;89660000;5;
2020-07-21;6,10;6,16;6,05;6,15;6,05;6,13;6,105;29520000;180222000;12;
2020-07-20;5,98;6,05;5,98;6,04;5,98;5,98;6,01;17220242;103497047,16;5;
2020-07-17;6,00;6,05;6,03;6,03;6,03;6,03;6,03;7500000;45225000;1;
2020-07-16;5,98;6,06;5,98;5,98;5,98;5,98;5,98;4000;23920;1;
2020-07-15;5,90;6,00;5,935;6,00;5,90;6,00;5,963;9005774;53703939,5;6;
2020-07-14;5,91;5,98;5,96;5,96;5,96;5,96;5,96;3000000;17880000;1;
2020-07-13;5,90;5,98;5,98;5,98;5,98;5,98;5,98;70000;418600;1;
2020-07-10;5,90;5,98;5,91;5,91;5,91;5,91;5,91;100000;591000;1;
2020-07-09;5,91;5,98;6,00;6,00;5,92;5,92;5,95;16291700;96936864;4;
2020-07-08;5,98;6,00;6,00;6,00;6,00;6,00;6,00;3000000;18000000;1;
2020-07-07;5,97;6,05;5,92;6,00;5,92;6,00;5,949;41500000;246884000;11;
2020-07-06;5,85;5,90;5,88;5,90;5,85;5,90;5,863;2858663;16759083,97;5;
2020-07-03;5,88;5,90;5,82;5,82;5,82;5,82;5,82;110121;640904,22;1;
2020-07-02;5,82;5,85;5,86;5,86;5,82;5,82;5,859;15110121;88540904,22;4;
2020-07-01;5,82;5,90;5,90;5,94;5,86;5,86;5,875;8569000;50373140;6;
2020-06-30;5,86;5,94;5,92;5,94;5,88;5,94;5,92;11368899;67308218,06;6;
2020-06-29;5,92;5,94;5,90;5,94;5,90;5,92;5,905;4154121;24540816,32;4;
2020-06-26;5,92;5,98;5,98;5,98;5,90;5,90;5,944;33109000;196783100;5;
2020-06-25;5,94;6,02;5,99;6,02;5,96;6,02;5,984;10000001;59840006,02;4;
2020-06-24;5,96;6,04;6,07;6,10;5,96;5,96;6,049;44480652;269039977,14;14;
2020-06-23;5,92;6,00;6,015;6,015;5,94;5,96;5,965;25715000;153397000;8;
2020-06-22;5,98;6,06;6,06;6,06;6,02;6,02;6,026;3651906;22009044,36;3;
2020-06-19;5,98;6,07;6,07;6,07;6,07;6,07;6,07;330000;2003100;1;
2020-06-18;5,98;6,03;5,95;6,02;5,95;5,99;5,966;12972259;77387349,11;6;
2020-06-16;5,86;5,94;5,88;5,94;5,88;5,94;5,893;38312992;225767152,48;11;
2020-06-15;5,78;5,86;5,79;5,82;5,73;5,82;5,753;67000000;385420000;12;
2020-06-12;5,77;5,83;5,86;5,86;5,80;5,83;5,818;24100000;140223000;7;
2020-06-11;5,84;5,91;5,845;5,88;5,845;5,88;5,867;13000000;76265000;3;
2020-06-10;5,86;5,94;5,93;5,93;5,92;5,92;5,923;10000000;59220000;3;
2020-06-09;5,92;5,98;5,97;5,97;5,91;5,95;5,944;28000000;166430000;8;
2020-06-08;6,02;6,09;6,065;6,065;6,065;6,065;6,065;3000000;18195000;1;
2020-06-05;6,02;6,11;6,08;6,15;6,08;6,08;6,104;64053008;390843968,64;14;
2020-06-04;6,00;6,07;6,03;6,03;6,03;6,03;6,03;10000000;60300000;2;
2020-06-03;5,94;6,03;5,92;5,99;5,92;5,96;5,947;33527000;199375920;7;
2020-06-02;5,82;5,88;5,98;5,98;5,83;5,83;5,905;59050500;348704970;10;
2020-05-29;5,95;6,02;5,95;6,07;5,95;5,95;5,995;49279408;295432477,6;19;
2020-05-28;6,16;6,24;6,205;6,21;6,205;6,21;6,205;3082700;19128567;2;
2020-05-27;6,16;6,25;6,24;6,28;6,20;6,21;6,238;32300000;201476600;9;
2020-05-26;6,14;6,25;6,18;6,30;6,18;6,25;6,226;43072713;268186530,07;13;
2020-05-25;6,05;6,17;6,10;6,11;5,97;6,11;6,097;30361121;185104812,37;9;
2020-05-22;5,98;6,10;6,04;6,04;6,04;6,04;6,04;4115000;24854600;2;
2020-05-20;6,00;6,10;6,06;6,10;6,04;6,10;6,061;30715000;186153500;9;
2020-05-19;5,96;6,02;5,94;5,98;5,94;5,98;5,979;9497008;56782407,52;5;
2020-05-18;5,98;6,03;5,95;5,99;5,95;5,99;5,988;16167746;96812098,7;4;
2020-05-15;5,95;5,97;5,94;6,02;5,94;6,00;5,967;22160000;132223200;6;
2020-05-14;5,86;5,92;5,97;5,98;5,88;5,92;5,912;22900000;135392000;7;
2020-05-13;5,95;6,03;6,01;6,01;5,97;5,97;6,00;15500000;92995000;6;
2020-05-12;6,00;6,04;6,00;6,01;5,95;6,01;5,984;57717304;345384253,74;12;
2020-05-11;5,95;6,00;5,98;6,00;5,98;6,00;5,98;15050000;90000000;3;
2020-05-08;5,91;5,97;5,94;5,97;5,90;5,97;5,943;21427176;127347626,45;9;
2020-05-07;5,85;5,95;5,78;5,92;5,78;5,85;5,827;78158321;455438157,48;12;
2020-05-06;5,73;5,77;5,68;5,78;5,68;5,78;5,726;11100000;63558000;4;
2020-05-05;5,64;5,74;5,72;5,72;5,72;5,72;5,72;110121;629892,12;1;
2020-05-04;5,65;5,77;5,78;5,78;5,65;5,65;5,729;28345676;162388969,4;10;
2020-04-30;5,80;5,90;5,87;5,91;5,80;5,86;5,892;32882516;193746413,76;11;
2020-04-29;5,78;5,88;5,90;5,90;5,75;5,86;5,816;98373524;570767280,64;21;
2020-04-28;5,50;5,59;5,38;5,57;5,38;5,57;5,497;66038770;363396528,95;18;
2020-04-27;5,45;5,47;5,40;5,46;5,40;5,46;5,412;25064000;135828800;5;
2020-04-24;5,31;5,39;5,40;5,40;5,32;5,32;5,372;470121;2517043,72;3;
2020-04-22;5,30;5,40;5,33;5,35;5,28;5,35;5,333;14610121;77914938,88;6;
2020-04-21;5,27;5,35;5,35;5,35;5,25;5,30;5,311;19600328;104096701,1;6;
2020-04-20;5,35;5,45;5,42;5,42;5,35;5,35;5,405;7600000;41078000;5;
2020-04-17;5,40;5,49;5,44;5,48;5,44;5,48;5,448;18000000;98060000;4;
2020-04-16;5,36;5,44;5,46;5,49;5,40;5,40;5,428;6356000;34499940;4;
2020-04-15;5,35;5,46;5,35;5,46;5,325;5,46;5,36;23186000;124270100;5;
2020-04-14;5,12;5,35;5,35;5,35;5,30;5,30;5,30;6734000;35690500;3;
2020-04-08;5,11;5,30;5,30;5,30;5,30;5,30;5,30;1812075;9535997,5;2;
2020-04-07;5,16;5,39;5,28;5,35;5,28;5,35;5,331;18000000;95950000;4;
2020-04-06;5,05;5,28;5,20;5,20;5,20;5,20;5,20;20000000;104000000;3;
2020-04-03;5,00;5,20;5,10;5,10;5,10;5,10;5,10;2755000;14050500;3;
2020-04-02;5,00;5,23;5,10;5,10;5,10;5,10;5,10;5000000;25500000;2;
2020-04-01;5,10;5,24;;;;5,24;;78500;405845;1;
2020-03-31;5,11;5,24;;;;5,24;;20000;104000;1;
2020-03-30;5,06;5,29;;;;5,24;;;;0;
2020-03-27;5,05;5,24;5,24;5,30;5,23;5,24;5,249;12710121;66719932,83;12;
2020-03-26;4,97;5,20;4,87;5,25;4,87;5,25;5,113;30515085;156033943,72;10;
2020-03-25;4,91;5,15;5,00;5,13;4,99;4,99;5,071;20885242;105908358,79;9;
2020-03-24;4,75;5,01;4,875;4,875;4,875;4,875;4,875;5000000;24375000;1;
2020-03-23;4,71;4,90;4,71;4,90;4,71;4,71;4,712;8216325;40623568;4;
2020-03-20;4,77;5,00;5,09;5,09;5,00;5,00;5,039;69000;347700;2;
2020-03-19;4,81;5,00;4,94;4,95;4,94;4,95;4,949;5753000;28469820;2;
2020-03-18;4,80;4,95;4,70;4,80;4,70;4,80;4,726;41650181;196820868,8;4;
2020-03-17;4,80;5,03;4,93;4,93;4,85;4,90;4,882;560000;2736728,8;5;
2020-03-16;4,71;4,95;5,10;5,10;4,71;4,93;4,735;60224801;285160002,3;7;
2020-03-13;4,91;5,13;4,95;5,10;4,75;5,10;4,983;27269008;135886078,08;9;
2020-03-12;4,71;4,90;4,70;4,90;4,55;4,90;4,719;25822242;121857062,4;14;
2020-03-11;5,04;5,11;5,14;5,15;5,04;5,04;5,087;82136793;420394696,72;18;
2020-03-10;4,96;5,03;5,06;5,17;4,96;4,97;5,064;112727800;570821553;30;
2020-03-09;4,85;4,92;4,83;4,89;4,82;4,89;4,85;33820242;164033768,86;15;
2020-03-06;5,10;5,16;5,20;5,20;5,10;5,10;5,141;67144250;345196166,21;24;
2020-03-05;5,22;5,28;5,31;5,31;5,23;5,23;5,259;37998117;199815814,08;9;
2020-03-04;5,32;5,37;5,39;5,42;5,36;5,36;5,365;12184000;65371700;5;
2020-03-03;5,37;5,44;5,38;5,44;5,38;5,40;5,39;25678000;138407320;10;
2020-03-02;5,21;5,27;5,40;5,40;5,21;5,21;5,295;44828911;237368390,9;15;
2020-02-28;5,24;5,31;5,35;5,40;5,30;5,30;5,351;65614693;351129939,83;23;
2020-02-27;5,43;5,50;5,51;5,61;5,44;5,44;5,537;82110121;454624475,18;20;
2020-02-26;5,60;5,68;5,44;5,68;5,34;5,68;5,466;148483300;811657167,18;37;
2020-02-25;5,51;5,58;5,63;5,63;5,51;5,51;5,566;57454084;319273788,72;15;
2020-02-24;5,61;5,68;5,60;5,68;5,60;5,67;5,64;58656206;330835233,77;15;
2020-02-21;5,77;5,80;5,80;5,815;5,75;5,78;5,792;136610121;788348999,38;29;
2020-02-20;5,51;5,56;5,53;5,55;5,53;5,55;5,543;18580363;102995109,81;7;
2020-02-19;5,49;5,54;5,40;5,515;5,40;5,51;5,474;104386000;571585140;28;
2020-02-18;5,33;5,39;5,315;5,35;5,315;5,35;5,341;20000000;106825000;4;
2020-02-17;5,32;5,35;5,30;5,30;5,30;5,30;5,30;3000000;15900000;4;
2020-02-14;5,30;5,35;5,32;5,33;5,31;5,31;5,315;395302;2100873,62;3;
2020-02-13;5,30;5,35;5,37;5,37;5,32;5,32;5,328;12043668;64164497,16;4;
2020-02-12;5,34;5,39;5,30;5,37;5,30;5,37;5,369;15290331;82098165,85;7;
2020-02-11;5,32;5,35;5,31;5,335;5,31;5,335;5,335;7207121;38446752,51;4;
2020-02-10;5,30;5,35;5,34;5,34;5,30;5,33;5,326;27670121;147371744,93;10;
2020-02-07;5,35;5,42;5,42;5,42;5,37;5,39;5,381;16966169;91354580,91;6;
2020-02-06;5,35;5,43;5,40;5,42;5,385;5,42;5,393;47918000;258683430;6;
2020-02-05;5,38;5,43;5,34;5,42;5,34;5,42;5,377;79940000;429817800;12;
2020-02-04;5,24;5,30;5,30;5,30;5,25;5,275;5,277;61368100;323841727,5;8;
2020-02-03;5,30;5,34;;;;5,34;;;;0;
2020-01-31;5,30;5,36;5,31;5,37;5,31;5,34;5,343;19901992;106342326,08;5;
2020-01-30;5,32;5,38;5,33;5,355;5,33;5,355;5,342;355900;1901094,5;2;
2020-01-29;5,36;5,43;5,43;5,43;5,38;5,38;5,391;15771008;85025123,04;7;
2020-01-28;5,39;5,47;5,43;5,43;5,43;5,43;5,43;10235869;55580768,67;2;
2020-01-27;5,40;5,46;5,40;5,43;5,35;5,43;5,404;56758000;306868260;11;
2020-01-24;5,40;5,48;5,40;5,46;5,40;5,46;5,43;23034199;125085093,6;6;
2020-01-23;5,34;5,39;5,42;5,42;5,40;5,40;5,41;15000000;81150000;3;
2020-01-22;5,42;5,48;5,435;5,47;5,40;5,42;5,455;16788008;91579373,2;5;
2020-01-21;5,40;5,47;5,40;5,44;5,40;5,44;5,429;35000000;190000000;6;
2020-01-20;5,34;5,38;5,26;5,38;5,21;5,34;5,309;80761466;428676501,86;15;
2020-01-17;5,26;5,30;5,30;5,30;5,30;5,30;5,30;6502679;34464198,7;4;
2020-01-16;5,29;5,32;5,29;5,29;5,29;5,29;5,29;7078773;37446709,17;3;
2020-01-15;5,26;5,30;5,28;5,30;5,24;5,30;5,275;20793125;109677243;8;
2020-01-14;5,30;5,35;5,34;5,35;5,30;5,30;5,335;18040000;96239000;6;
2020-01-13;5,34;5,40;5,37;5,37;5,36;5,37;5,362;2611773;14004413,28;5;
2020-01-10;5,36;5,38;5,34;5,37;5,34;5,37;5,364;23000000;123360000;7;
2020-01-09;5,31;5,37;5,305;5,34;5,305;5,34;5,33;59832227;318917519,24;8;
2020-01-08;5,28;5,34;5,36;5,36;5,32;5,32;5,322;30167000;160545120;4;
2020-01-07;5,35;5,42;5,38;5,44;5,36;5,36;5,388;24958500;134469845;10;
2020-01-06;5,38;5,45;5,42;5,42;5,36;5,36;5,407;20200000;109222000;5;
2020-01-03;5,43;5,48;5,42;5,46;5,42;5,46;5,444;25427324;138426837,32;7;
2020-01-02;5,43;5,50;5,40;5,50;5,40;5,475;5,449;41760816;227125173,86;13;
2019-12-30;5,33;5,38;5,355;5,355;5,355;5,355;5,355;6863610;36784958,42;3;
2019-12-27;5,33;5,39;5,33;5,33;5,33;5,33;5,33;123471;658500,93;2;
2019-12-23;5,34;5,39;5,43;5,43;5,36;5,36;5,386;45000000;242350000;9;
2019-12-20;5,45;5,48;5,41;5,50;5,41;5,46;5,47;127602539;695730045,44;20;
2019-12-19;5,24;5,29;5,24;5,29;5,24;5,265;5,285;8351961;44141423,69;4;
2019-12-18;5,24;5,30;5,25;5,30;5,25;5,30;5,275;27433961;144709993,3;6;
2019-12-17;5,21;5,27;5,16;5,25;5,15;5,24;5,20;65005192;338032244,67;20;
2019-12-16;5,19;5,22;5,17;5,22;5,17;5,22;5,172;2451853;12732399,56;3;
2019-12-13;5,20;5,25;5,23;5,24;5,19;5,19;5,205;20110110;104666572;7;
2019-12-12;5,18;5,23;5,35;5,35;5,21;5,21;5,271;65450000;345003500;12;
2019-12-11;5,30;5,35;5,34;5,35;5,28;5,30;5,313;63070000;335059300;14;
2019-12-10;5,37;5,40;5,37;5,37;5,37;5,37;5,37;13000000;69810000;2;
2019-12-09;5,34;5,42;5,40;5,40;5,40;5,40;5,39;10319000;55620220;4;
2019-12-06;5,34;5,40;5,30;5,38;5,30;5,38;5,344;64200000;342143500;9;
2019-12-05;5,27;5,32;5,33;5,33;5,28;5,32;5,305;71555000;379569900;12;
2019-12-04;5,31;5,35;5,35;5,35;5,33;5,33;5,346;124400;665052;2;
2019-12-03;5,31;5,38;5,43;5,43;5,34;5,34;5,385;29000000;156170000;6;
2019-12-02;5,38;5,44;5,28;5,43;5,28;5,43;5,323;35650000;189773500;13;
2019-11-29;5,35;5,42;5,35;5,42;5,35;5,42;5,353;26863000;143785364,31;11;
2019-11-28;5,29;5,34;5,42;5,42;5,29;5,34;5,388;101309600;545900844;15;
2019-11-27;5,37;5,42;5,14;5,40;5,13;5,40;5,236;129224221;676625338,73;30;
2019-11-26;5,08;5,14;5,10;5,14;5,07;5,14;5,10;9903071;50504076,47;4;
2019-11-25;5,09;5,15;5,09;5,09;5,09;5,09;5,09;64516;328386,44;1;
2019-11-22;5,09;5,15;5,18;5,20;5,10;5,11;5,142;53688000;276043680;15;
2019-11-21;5,12;5,18;5,01;5,15;5,01;5,15;5,109;83834592;428425258,31;23;
2019-11-20;4,98;5,04;5,01;5,01;5,01;5,01;5,01;4800000;24048000;6;
2019-11-19;4,98;5,05;4,97;5,01;4,97;5,01;4,999;47000000;235070000;6;
2019-11-18;4,97;5,02;4,96;5,00;4,96;4,97;4,98;30356242;151169180,32;6;
2019-11-15;4,98;5,02;4,98;5,005;4,98;5,005;4,997;82211000;407135555;11;
2019-11-14;4,90;4,97;4,80;4,94;4,80;4,94;4,885;92047000;449611710;13;
2019-11-13;4,81;4,86;4,82;4,82;4,81;4,81;4,819;11635591;56067192,71;3;
2019-11-12;4,83;4,84;4,86;4,86;4,84;4,84;4,85;16872600;81825617,91;7;
2019-11-11;4,87;4,92;4,89;4,89;4,89;4,89;4,89;5828220;28499995,8;2;
2019-11-08;4,87;4,93;4,90;4,90;4,89;4,89;4,891;5594000;27360600;2;
2019-11-07;4,87;4,94;4,90;4,95;4,90;4,915;4,924;66400000;326141000;11;
2019-11-06;4,84;4,90;4,82;4,91;4,82;4,86;4,872;63865000;311163850;15;
2019-11-05;4,82;4,88;4,85;4,86;4,82;4,86;4,855;40634332;197259434,13;9;
2019-11-04;4,80;4,85;4,90;4,90;4,80;4,85;4,864;75370000;363532750;10;
2019-11-01;4,83;4,89;4,84;4,87;4,84;4,87;4,846;29080121;140916186,85;12;
2019-10-31;4,73;4,76;4,65;4,75;4,64;4,75;4,696;105110121;493630961,44;17;
2019-10-30;4,60;4,64;4,63;4,63;4,61;4,61;4,611;75131000;346956530;4;
2019-10-29;4,61;4,67;4,60;4,64;4,55;4,64;4,591;194872000;895904725;23;
2019-10-28;4,57;4,61;4,58;4,61;4,575;4,575;4,583;31825290;145846586,9;6;
2019-10-25;4,56;4,58;4,60;4,60;4,56;4,58;4,581;29661700;135368586;9;
2019-10-24;4,58;4,62;4,68;4,68;4,60;4,60;4,635;35100121;162688566,28;9;
2019-10-23;4,68;4,71;4,71;4,71;4,69;4,695;4,695;29000000;136165000;3;
2019-10-22;4,70;4,74;4,71;4,71;4,71;4,71;4,71;4000000;18840000;1;
2019-10-21;4,68;4,74;4,69;4,74;4,66;4,74;4,687;40256863;188678853,58;8;
2019-10-18;4,66;4,69;4,65;4,71;4,63;4,67;4,665;37996800;177239268,1;11;
2019-10-17;4,67;4,68;4,70;4,70;4,65;4,65;4,674;14543242;67978277,72;6;
2019-10-16;4,67;4,73;4,74;4,77;4,70;4,70;4,729;19565121;92522573,54;6;
2019-10-15;4,68;4,75;4,75;4,76;4,68;4,68;4,738;40303988;190976241,18;12;
2019-10-14;4,76;4,82;4,79;4,82;4,77;4,82;4,787;28533700;136586434;6;
2019-10-11;4,79;4,85;4,80;4,80;4,79;4,79;4,80;10372592;49787340,39;4;
2019-10-10;4,80;4,85;4,82;4,82;4,80;4,80;4,819;4858398;23413514,02;4;
2019-10-09;4,77;4,84;4,82;4,83;4,75;4,83;4,798;32050000;153784505,37;12;
2019-10-08;4,80;4,83;4,81;4,84;4,80;4,84;4,812;42560400;204806600;9;
2019-10-07;4,74;4,81;4,70;4,81;4,70;4,81;4,759;21330000;101516500;6;
2019-10-04;4,72;4,75;4,68;4,75;4,68;4,75;4,719;17413131;82166341,69;6;
2019-10-03;4,68;4,74;4,70;4,75;4,65;4,70;4,72;104122344;491455619,24;26;
2019-10-02;4,64;4,69;4,67;4,67;4,65;4,65;4,662;26000000;121200038,81;8;
2019-10-01;4,69;4,76;4,69;4,72;4,69;4,69;4,714;49965000;235555850;7;
2019-09-30;4,66;4,71;4,71;4,71;4,69;4,71;4,696;32322302;151784897,59;11;
2019-09-27;4,71;4,76;4,775;4,775;4,71;4,74;4,733;50395000;238521125;11;
2019-09-26;4,77;4,83;4,815;4,84;4,77;4,77;4,811;64442600;310019377,58;13;
2019-09-25;4,81;4,85;4,845;4,85;4,82;4,82;4,83;27050000;130662500;8;
2019-09-24;4,83;4,89;4,89;4,96;4,86;4,86;4,92;156556084;770246372,44;26;
2019-09-23;4,83;4,86;4,765;4,88;4,765;4,85;4,821;106432000;513787900;19;
2019-09-20;4,73;4,79;4,70;4,78;4,70;4,765;4,749;195950000;930473000;25;
2019-09-19;4,66;4,71;4,63;4,70;4,63;4,66;4,659;85215000;396983900;11;
2019-09-18;4,58;4,63;4,61;4,61;4,61;4,61;4,61;32400;149364;1;
2019-09-17;4,58;4,60;4,58;4,605;4,58;4,605;4,598;19985121;91890604,18;5;
2019-09-16;4,58;4,63;4,67;4,67;4,60;4,60;4,624;26139750;120877837,5;8;
2019-09-13;4,66;4,70;4,675;4,68;4,66;4,68;4,675;4169121;19489283,86;3;
2019-09-12;4,66;4,69;4,68;4,69;4,675;4,675;4,678;38800000;181510000;6;
2019-09-11;4,63;4,68;4,65;4,69;4,65;4,65;4,677;133329200;623497090;14;
2019-09-10;4,62;4,67;4,67;4,675;4,62;4,66;4,651;44000000;204680000;8;
2019-09-09;4,65;4,70;4,69;4,73;4,67;4,67;4,704;76062000;357813260;14;
2019-09-06;4,66;4,70;4,64;4,70;4,64;4,70;4,667;150297258;699123977,12;21;
2019-09-05;4,60;4,63;4,62;4,62;4,60;4,60;4,618;949121;4382736,6;2;
2019-09-04;4,60;4,63;4,615;4,615;4,61;4,61;4,615;42000000;193780000;5;
2019-09-03;4,59;4,64;4,595;4,62;4,595;4,60;4,615;12343121;56967356,6;5;
2019-09-02;4,57;4,63;4,60;4,61;4,57;4,57;4,602;25034242;115200905,94;5;
2019-08-30;4,56;4,60;4,57;4,585;4,54;4,58;4,577;18226664;83423121,12;5;
2019-08-29;4,54;4,59;4,60;4,60;4,54;4,57;4,572;54072258;247233251,32;9;
2019-08-28;4,57;4,62;4,60;4,62;4,60;4,60;4,602;81086600;373120092;8;
2019-08-27;4,61;4,65;4,615;4,64;4,60;4,63;4,627;85250000;394468000;9;
2019-08-26;4,62;4,66;4,645;4,66;4,62;4,62;4,627;137981659;638468264,58;10;
2019-08-23;4,62;4,67;4,63;4,67;4,62;4,62;4,63;168519916;780272479,83;20;
2019-08-22;4,59;4,62;4,53;4,62;4,53;4,60;4,544;344485121;1566955455,39;18;
2019-08-21;4,50;4,56;4,525;4,55;4,525;4,53;4,536;34700652;157415450,3;5;
2019-08-20;4,50;4,55;4,50;4,55;4,50;4,53;4,524;39019000;176536070;10;
2019-08-19;4,50;4,54;4,51;4,55;4,51;4,54;4,53;33291050;150808565,79;9;
2019-08-16;4,48;4,51;4,505;4,505;4,505;4,505;4,505;7500000;33787500;3;
2019-08-15;4,48;4,54;4,555;4,555;4,48;4,48;4,519;21416500;96779885,34;12;
2019-08-14;4,54;4,57;4,595;4,595;4,57;4,57;4,578;30000000;137350000;6;
2019-08-13;4,57;4,63;4,62;4,64;4,58;4,59;4,614;93956049;434023014,27;23;
2019-08-12;4,56;4,61;4,50;4,58;4,50;4,58;4,508;239829498;1079402500,84;9;
2019-08-09;4,47;4,52;4,45;4,49;4,45;4,49;4,487;29125750;130695617,5;7;
2019-08-08;4,45;4,50;4,475;4,475;4,45;4,45;4,475;6102600;27306570;3;
2019-08-07;4,45;4,49;4,52;4,52;4,49;4,49;4,502;25000000;112550000;6;
2019-08-06;4,53;4,56;4,55;4,55;4,54;4,54;4,549;6500000;29565000;3;
2019-08-02;4,54;4,58;4,55;4,565;4,55;4,55;4,559;20738000;94542900;8;
2019-08-01;4,56;4,60;4,575;4,575;4,575;4,575;4,575;4000000;18300000;1;
2019-07-31;4,56;4,59;4,575;4,575;4,575;4,575;4,575;4000000;18300000;1;
2019-07-30;4,56;4,59;4,58;4,58;4,58;4,58;4,58;4000000;18320000;1;
2019-07-29;4,55;4,60;4,58;4,61;4,58;4,61;4,58;15100000;69161000;5;
2019-07-26;4,58;4,61;4,60;4,60;4,585;4,585;4,585;4096551;18784134,6;3;
2019-07-25;4,57;4,61;4,58;4,69;4,565;4,60;4,597;384623810;1768066918,9;29;
2019-07-24;4,52;4,58;4,55;4,56;4,53;4,54;4,55;69340718;315498032,7;8;
2019-07-23;4,53;4,57;4,55;4,55;4,54;4,55;4,546;35000000;159100000;5;
2019-07-22;4,51;4,57;4,52;4,52;4,52;4,52;4,52;4545103;20543865,56;2;
2019-07-19;4,53;4,56;4,55;4,55;4,55;4,55;4,55;4000000;18200000;1;
2019-07-18;4,51;4,57;4,585;4,60;4,55;4,55;4,557;19016304;86664998,4;5;
2019-07-17;4,54;4,59;4,56;4,59;4,56;4,59;4,578;35299348;162154007,32;12;
2019-07-16;4,56;4,59;4,56;4,58;4,56;4,56;4,562;8373234;38199280,66;7;
2019-07-15;4,55;4,58;4,56;4,56;4,56;4,56;4,56;8000000;36480000;2;
2019-07-12;4,54;4,58;4,56;4,56;4,56;4,56;4,56;4000000;18240000;1;
2019-07-11;4,54;4,58;4,58;4,58;4,56;4,56;4,56;4051900;18477702;3;
2019-07-10;4,58;4,59;4,60;4,60;4,57;4,58;4,576;51123000;233917800;33;
2019-07-09;4,54;4,58;4,52;4,58;4,51;4,58;4,535;53596516;243074396,27;17;
2019-07-08;4,47;4,52;4,53;4,56;4,50;4,50;4,527;42300000;191488000;9;
2019-07-05;4,49;4,54;4,50;4,53;4,50;4,53;4,525;24655000;111554050;3;
2019-07-04;4,50;4,54;4,515;4,515;4,50;4,50;4,514;4300000;19410000;2;
2019-07-03;4,49;4,54;4,515;4,515;4,49;4,515;4,515;14171774;63983140,26;4;
2019-07-02;4,48;4,53;4,50;4,52;4,50;4,52;4,513;11000000;49640000;5;
2019-07-01;4,48;4,53;4,55;4,58;4,50;4,50;4,523;108765000;491891775;14;
2019-06-28;4,52;4,58;4,46;4,56;4,46;4,56;4,51;52702211;237832082,16;12;
2019-06-27;4,42;4,46;4,50;4,50;4,45;4,45;4,486;50041000;224482450;7;
2019-06-26;4,52;4,56;4,56;4,56;4,53;4,54;4,539;13500000;61280000;4;
2019-06-25;4,54;4,60;4,58;4,58;4,54;4,58;4,573;47378880;216784495,2;7;
2019-06-24;4,58;4,62;4,60;4,60;4,59;4,59;4,597;14080645;64730160,55;3;
2019-06-21;4,60;4,64;4,64;4,68;4,60;4,65;4,642;68970000;320145750;12;
2019-06-20;4,58;4,61;4,45;4,61;4,45;4,60;4,544;167898396;762981603,45;22;
2019-06-19;4,45;4,49;4,41;4,47;4,41;4,47;4,45;35390121;157482183,61;7;
2019-06-18;4,41;4,46;4,49;4,49;4,42;4,42;4,436;20047708;88930536,41;7;
2019-06-14;4,47;4,50;4,47;4,49;4,47;4,49;4,484;25000000;112100000;5;
2019-06-13;4,45;4,47;4,46;4,47;4,46;4,47;4,468;19887900;88848913;6;
2019-06-12;4,42;4,46;4,42;4,46;4,42;4,44;4,422;110612100;489169966;7;
2019-06-11;4,36;4,42;4,42;4,42;4,40;4,40;4,40;36650103;155861131,92;5;
2019-06-07;4,39;4,44;4,41;4,41;4,38;4,38;4,399;9298121;40731409,98;4;
2019-06-06;4,38;4,44;4,43;4,43;4,41;4,41;4,417;15090000;66646900;4;
2019-06-05;4,43;4,45;4,44;4,45;4,43;4,43;4,446;18075945;80356436,35;5;
2019-06-04;4,40;4,45;4,37;4,43;4,37;4,40;4,43;13960286;61833358,4;6;
2019-06-03;4,40;4,43;4,42;4,42;4,40;4,40;4,42;20125121;88950532,4;4;
2019-05-31;4,36;4,60;4,37;4,41;4,35;4,41;4,399;21562146;94854582,08;9;
2019-05-29;4,35;4,41;4,36;4,37;4,36;4,37;4,363;19110121;83370127,56;5;
2019-05-28;4,38;4,44;4,50;4,51;4,39;4,41;4,453;49705738;221348095,63;17;
2019-05-27;4,48;4,53;4,51;4,53;4,48;4,51;4,519;123860911;559138908,61;15;
2019-05-24;4,48;4,52;4,46;4,50;4,46;4,50;4,484;66045000;296111600;7;
2019-05-23;4,42;4,46;4,41;4,45;4,41;4,42;4,43;27286062;120888672,27;8;
2019-05-22;4,38;4,44;4,45;4,45;4,39;4,44;4,419;69881000;308803400;15;
2019-05-21;4,32;4,37;4,34;4,35;4,34;4,35;4,343;22462471;97561748,85;4;
2019-05-20;4,32;4,37;4,38;4,38;4,35;4,35;4,353;30046000;130801480;4;
2019-05-17;4,37;4,42;4,37;4,38;4,37;4,38;4,378;2728695;11946599,57;3;
2019-05-16;4,38;4,41;4,41;4,41;4,38;4,41;4,40;28281000;124439210;9;
2019-05-15;4,40;4,44;4,46;4,46;4,40;4,44;4,439;54606494;242405181,2;13;
2019-05-14;4,40;4,45;4,34;4,50;4,34;4,44;4,439;229161175;1017244106,87;42;
2019-05-13;4,32;4,36;4,30;4,37;4,30;4,34;4,336;139501517;604827730,84;32;
2019-05-10;4,25;4,29;3,99;4,30;3,99;4,27;4,194;962754934;3909101353,85;67;
2019-05-09;3,94;3,97;3,94;3,97;3,94;3,96;3,952;24177300;95540638;6;
2019-05-08;3,92;3,95;3,95;3,95;3,94;3,94;3,943;21991000;86699600;5;
2019-05-07;3,89;3,94;3,95;3,95;3,89;3,91;3,92;58930746;230985116,86;9;
2019-05-06;3,93;3,95;3,98;3,98;3,93;3,93;3,947;457600;1806148;3;
2019-05-03;3,97;3,98;3,98;3,98;3,97;3,98;3,975;809508;3217862,76;4;
2019-05-02;3,96;3,98;3,99;3,99;3,955;3,96;3,976;25361480;100829660,6;9;
2019-04-30;4,01;4,05;4,00;4,04;4,00;4,03;4,009;69028131;276697405,5;19;
2019-04-29;3,97;4,00;3,91;4,00;3,91;3,97;3,972;176652976;701717703,83;15;
2019-04-26;3,92;3,96;3,935;3,94;3,92;3,92;3,935;5679266;22346082,72;4;
2019-04-24;3,92;3,96;3,92;3,95;3,92;3,92;3,944;9277963;36589614,96;4;
2019-04-23;3,94;3,96;3,94;3,95;3,94;3,95;3,94;25339129;99837269,47;4;
2019-04-17;3,92;3,96;3,93;3,97;3,93;3,94;3,949;62116000;245317895;10;
2019-04-16;3,93;3,97;4,00;4,04;3,96;3,96;3,989;99110121;395357484;19;
2019-04-15;4,00;4,04;4,02;4,02;4,00;4,00;4,006;4381551;17551724;4;
2019-04-12;3,99;4,03;4,03;4,03;4,02;4,02;4,022;30000000;120650000;4;
2019-04-11;4,04;4,07;4,08;4,09;4,05;4,05;4,061;75118800;304927328;7;
2019-04-10;4,07;4,08;;;;4,08;;;;0;
2019-04-09;4,07;4,09;4,08;4,08;4,08;4,08;4,08;150000000;612200000;4;
2019-04-08;4,08;4,10;4,07;4,11;4,07;4,10;4,074;151588746;617566596,22;7;
2019-04-05;4,03;4,06;4,03;4,05;4,03;4,03;4,034;28235869;113940552,07;7;
2019-04-04;4,03;4,09;4,14;4,14;4,04;4,04;4,085;120760242;493303187,36;16;
2019-04-03;4,09;4,13;4,11;4,18;4,08;4,12;4,144;94850332;392943778,32;23;
2019-04-02;4,02;4,08;4,00;4,06;3,96;4,05;4,018;130531271;524415272,75;21;
2019-04-01;3,93;3,95;3,87;3,95;3,87;3,95;3,924;107067583;420109210,93;14;
2019-03-29;3,85;3,89;3,82;3,87;3,82;3,87;3,848;94089170;362024796,8;10;
2019-03-28;3,82;3,85;3,85;3,87;3,82;3,84;3,848;60449797;232379782,97;7;
2019-03-27;3,89;3,91;3,91;3,91;3,90;3,91;3,904;8220242;32088943,8;4;
2019-03-26;3,86;3,91;3,80;3,89;3,80;3,89;3,845;54127130;208135304;12;
2019-03-25;3,73;;3,75;3,80;3,75;3,78;3,775;30069200;113511351,5;8;
2019-03-22;3,81;3,86;3,88;3,88;3,82;3,86;3,838;30252800;116118968;9;
2019-03-21;3,84;3,89;3,83;3,89;3,83;3,875;3,858;28949880;111692711,2;8;
2019-03-20;3,82;3,86;3,83;3,86;3,82;3,86;3,847;50897327;195793682,22;9;
2019-03-19;3,87;3,90;3,95;3,95;3,88;3,88;3,929;36200000;142210000;8;
2019-03-18;3,92;3,96;3,92;3,95;3,90;3,95;3,928;20658374;81149117,98;10;
2019-03-15;3,92;3,96;3,91;3,95;3,89;3,945;3,918;68109863;266844240,34;14;
2019-03-14;3,85;3,89;3,82;3,87;3,82;3,87;3,846;80639129;309657545,44;15;
2019-03-13;3,77;3,82;3,77;3,81;3,77;3,78;3,807;5420242;20635413,55;5;
2019-03-12;3,77;3,81;3,83;3,83;3,78;3,79;3,799;42636000;161990440;9;
2019-03-11;3,83;3,86;3,85;3,85;3,83;3,83;3,83;59567699;228151127,17;5;
2019-03-08;3,83;3,88;3,86;3,86;3,83;3,83;3,849;9319301;35870352,83;9;
2019-03-07;3,84;3,89;3,895;3,90;3,84;3,84;3,885;22400791;87055050,28;10;
2019-03-06;3,87;3,91;3,92;3,93;3,89;3,89;3,914;38679008;151378001,44;9;
2019-03-05;3,89;3,93;3,90;3,93;3,90;3,93;3,91;76270122;298234275,8;9;
2019-03-04;3,87;3,91;3,885;3,895;3,87;3,87;3,89;18257008;71024620,96;5;
2019-03-01;3,87;3,92;3,925;3,925;3,89;3,895;3,91;20218000;79049110;4;
2019-02-28;3,91;3,95;3,87;3,91;3,87;3,91;3,892;23270483;90574718,29;8;
2019-02-27;3,85;3,90;3,84;3,87;3,82;3,87;3,856;54195121;209404463,43;8;
2019-02-26;3,78;3,82;3,80;3,80;3,77;3,77;3,793;4432134;16812448,81;3;
2019-02-25;3,78;3,81;3,775;3,80;3,75;3,80;3,79;17147242;64981007,5;5;
2019-02-22;3,76;3,80;3,72;3,77;3,72;3,77;3,77;10110121;38109650,12;4;
2019-02-21;3,72;3,76;3,68;3,74;3,68;3,74;3,724;16203570;60333209;6;
2019-02-20;3,68;3,73;3,705;3,705;3,705;3,705;3,705;5000000;18525000;1;
2019-02-19;3,68;3,73;3,72;3,72;3,71;3,71;3,714;17000000;63140000;3;
2019-02-18;3,72;3,76;3,74;3,74;3,74;3,74;3,74;5680000;21243200;2;
2019-02-15;3,73;3,78;3,74;3,77;3,74;3,77;3,76;51500000;193622500;10;
2019-02-14;3,70;3,73;3,69;3,72;3,69;3,70;3,712;1599029;5935096,17;5;
2019-02-13;3,69;3,73;3,70;3,73;3,70;3,73;3,709;31298471;116073696,83;6;
2019-02-12;3,68;3,72;3,73;3,73;3,70;3,70;3,709;20429771;75730152,7;6;
2019-02-11;3,70;3,73;;;;3,72;;;;0;
2019-02-08;3,70;3,74;3,72;3,72;3,72;3,72;3,72;15000000;55800000;3;
2019-02-07;3,73;3,78;3,75;3,77;3,75;3,77;3,756;23500000;88150000;3;
2019-02-06;3,72;3,76;3,75;3,75;3,74;3,74;3,741;15000000;56112000;5;
2019-02-05;3,75;3,79;3,77;3,77;3,75;3,75;3,77;5110121;19262953,75;2;
2019-02-04;3,78;3,82;3,80;3,80;3,79;3,79;3,793;13600000;51580000;5;
2019-02-01;3,79;3,83;3,80;3,81;3,79;3,79;3,805;75965121;289074009,8;9;
2019-01-31;3,76;3,80;3,80;3,80;3,77;3,77;3,788;25500000;96600000;7;
2019-01-30;3,81;3,84;3,93;3,93;3,83;3,83;3,875;47060115;182363341,42;11;
2019-01-29;3,86;3,90;3,89;3,90;3,89;3,90;3,896;3320000;12933000;3;
2019-01-28;3,85;3,89;3,90;3,92;3,85;3,89;3,909;77132857;301517642,3;17;
2019-01-25;3,87;3,90;3,77;3,91;3,77;3,88;3,851;57043016;219675071,92;19;
2019-01-24;3,77;3,82;3,75;3,82;3,75;3,80;3,79;56109400;212631908;10;
2019-01-23;3,70;3,75;3,73;3,75;3,73;3,73;3,733;72464436;270474346,28;13;
2019-01-22;3,63;3,67;3,65;3,65;3,65;3,65;3,65;6068000;22148200;2;
2019-01-21;3,64;3,67;3,67;3,67;3,67;3,67;3,67;10050000;36883500;2;
2019-01-18;3,63;3,67;3,66;3,66;3,65;3,65;3,654;9000000;32890000;2;
2019-01-17;3,66;3,70;3,68;3,70;3,66;3,66;3,677;25846121;94702365,28;8;
2019-01-16;3,67;3,68;3,68;3,68;3,68;3,68;3,68;100000;368000;1;
2019-01-15;3,64;3,69;3,71;3,73;3,66;3,66;3,684;77852374;287838260,06;11;
2019-01-14;3,65;3,69;3,63;3,67;3,63;3,67;3,639;45025000;163841750;7;
2019-01-11;3,60;3,61;3,60;3,61;3,60;3,61;3,60;12264000;44113040;4;
2019-01-10;3,58;3,62;3,58;3,62;3,58;3,59;3,599;65239886;234793883,68;10;
2019-01-09;3,57;3,61;3,54;3,62;3,54;3,62;3,576;98153386;350955364,12;10;
2019-01-08;3,49;3,54;3,54;3,56;3,48;3,51;3,51;60012532;210626487,32;14;
2019-01-07;3,55;3,60;3,63;3,63;3,585;3,585;3,588;25646642;92013252,26;9;
2019-01-04;3,60;3,62;3,67;3,67;3,57;3,61;3,607;99549000;359059280;28;
2019-01-03;3,69;3,72;3,74;3,74;3,71;3,71;3,725;30080000;112046800;8;
2019-01-02;3,74;3,79;3,765;3,765;3,75;3,75;3,765;16305007;61377026,36;7;
2018-12-28;3,74;3,79;3,74;3,75;3,74;3,74;3,745;1754793;6567925,82;5;
2018-12-27;3,79;3,83;;;;3,805;;;;0;
2018-12-21;3,78;3,83;3,81;3,81;3,805;3,805;3,81;15250808;58105469,48;5;
2018-12-20;3,82;3,86;3,85;3,85;3,83;3,85;3,85;14049722;54090414,78;4;
2018-12-19;3,84;3,88;3,86;3,86;3,86;3,86;3,86;51550000;198983000;6;
2018-12-18;3,82;3,86;3,84;3,85;3,82;3,85;3,842;12274681;47152731,42;5;
2018-12-17;3,84;3,89;3,84;3,84;3,84;3,84;3,84;655756;2518103,04;2;
2018-12-14;3,85;3,89;3,77;3,88;3,77;3,87;3,824;70352432;269039354,72;19;
2018-12-13;3,72;3,77;3,72;3,75;3,72;3,75;3,738;27169491;101579910,55;7;
2018-12-12;3,72;3,75;3,74;3,74;3,72;3,72;3,739;4843027;18108920,98;2;
2018-12-11;3,74;3,79;3,77;3,77;3,75;3,75;3,755;54885000;206018750;4;
2018-12-10;3,78;3,82;3,83;3,83;3,78;3,79;3,79;20359129;77160397,7;6;
2018-12-07;3,78;3,83;3,69;3,82;3,69;3,82;3,765;110704661;416767244,84;27;
2018-12-06;3,70;3,73;3,70;3,72;3,70;3,715;3,711;107291985;398328371,17;12;
2018-12-05;3,67;3,70;3,72;3,72;3,68;3,68;3,709;35577317;131970304,85;7;
2018-12-04;3,74;3,78;3,76;3,80;3,74;3,76;3,761;32036000;120477500;11;
2018-12-03;3,77;3,80;3,75;3,80;3,75;3,78;3,792;32400761;122847891,8;9;
2018-11-30;3,73;3,77;3,80;3,82;3,73;3,75;3,788;89147023;337480395,72;19;
2018-11-29;3,48;3,52;3,50;3,55;3,50;3,51;3,514;30707143;107896000,5;12;
2018-11-28;3,58;3,61;3,56;3,61;3,56;3,61;3,591;8430242;30272161,52;6;
2018-11-27;3,56;3,60;3,63;3,68;3,58;3,58;3,632;92500000;335960000;25;
2018-11-26;3,63;3,67;3,74;3,74;3,65;3,66;3,695;94808193;350143174,1;24;
2018-11-23;3,75;3,79;3,79;3,79;3,74;3,765;3,759;5386950;20250961,08;5;
2018-11-22;3,79;3,84;3,83;3,86;3,79;3,79;3,829;70152530;268637845,8;10;
2018-11-21;3,84;3,89;3,84;3,84;3,84;3,84;3,84;20300000;77952000;2;
2018-11-20;3,84;3,89;3,84;3,87;3,84;3,87;3,841;2197175;8438297,01;3;
2018-11-19;3,84;3,89;;;;3,85;;;;0;
2018-11-16;3,85;3,90;3,85;3,85;3,85;3,85;3,85;2420000;9317000;2;
2018-11-15;3,86;3,90;3,86;3,86;3,86;3,86;3,86;3000000;11580000;1;
2018-11-14;3,86;3,90;3,88;3,90;3,88;3,88;3,883;33000000;128140000;8;
2018-11-13;3,89;3,93;3,93;3,93;3,89;3,89;3,921;40792664;159941897,6;5;
2018-11-12;3,89;3,94;3,90;3,90;3,90;3,90;3,90;591932;2308534,8;4;
2018-11-09;3,90;3,93;3,89;3,93;3,89;3,93;3,92;16170183;63384698,87;8;
2018-11-08;3,90;3,92;3,93;3,93;3,90;3,91;3,916;30049008;117672131,2;8;
2018-11-07;3,92;3,96;3,91;3,97;3,91;3,96;3,937;64822161;255215146,84;25;
2018-11-06;3,95;3,96;3,96;3,98;3,95;3,95;3,957;10468621;41422239,16;7;
2018-11-05;3,97;4,00;3,95;4,02;3,86;3,97;3,946;142178976;558783776,06;40;
2018-11-02;3,81;3,85;3,75;3,86;3,75;3,83;3,802;114715152;436117799,94;22;
2018-11-01;3,76;3,80;3,77;3,79;3,74;3,79;3,785;46155242;174694283,18;11;
2018-10-31;3,78;3,83;3,74;3,83;3,74;3,79;3,781;46031364;174067046,91;14;
2018-10-30;3,65;3,69;3,68;3,68;3,61;3,68;3,66;53302468;195583082,24;11;
2018-10-29;3,69;3,70;3,69;3,70;3,69;3,70;3,693;289008;1067289,52;3;
2018-10-26;3,71;3,75;3,76;3,76;3,72;3,72;3,734;8071934;30141311,52;3;
2018-10-25;3,73;3,76;3,68;3,75;3,67;3,75;3,695;150102258;554658299,76;17;
2018-10-24;3,69;3,73;3,71;3,71;3,69;3,69;3,71;10232000;37957080;4;
2018-10-23;3,72;3,76;3,77;3,77;3,75;3,75;3,755;19338408;72619030;6;
2018-10-22;3,75;3,80;3,81;3,81;3,78;3,78;3,781;10632000;40197920;4;
2018-10-19;3,78;3,81;3,80;3,82;3,78;3,81;3,791;15982250;60585180;7;
2018-10-18;3,77;3,81;3,75;3,79;3,73;3,79;3,762;26426842;99405119,74;9;
2018-10-17;3,73;3,76;3,84;3,84;3,74;3,74;3,776;50052910;188999999,8;11;
2018-10-16;3,84;3,89;3,85;3,85;3,85;3,85;3,85;5285191;20347985,35;4;
2018-10-15;3,85;3,89;3,88;3,88;3,85;3,85;3,873;20389436;78974328,6;6;
2018-10-12;3,89;3,91;3,88;3,89;3,88;3,89;3,889;8310758;32318765,72;9;
2018-10-11;3,88;3,91;3,95;3,95;3,90;3,90;3,92;20110121;78831674,32;7;
2018-10-10;3,95;3,99;3,97;3,98;3,97;3,98;3,972;20777613;82794603,69;8;
2018-10-09;3,95;3,99;3,96;4,00;3,96;3,97;3,982;30035420;119586156,94;11;
2018-10-08;3,96;4,00;4,01;4,01;3,98;3,98;4,001;18632444;74553980,2;6;
2018-10-05;3,99;4,02;4,00;4,00;3,99;4,00;3,999;1565253;6258711,92;10;
2018-10-04;3,99;4,00;3,98;4,00;3,98;3,99;4,00;18251548;73000092,4;19;
2018-10-03;3,96;4,00;4,00;4,02;3,96;3,98;3,997;23665040;94592279,04;16;
2018-10-02;3,98;4,00;3,93;4,00;3,93;3,98;3,981;164187264;647000779,62;36;
2018-10-01;3,92;3,94;3,89;3,93;3,89;3,93;3,926;34375391;134942279,23;64;
2018-09-28;3,89;3,93;3,88;3,91;3,88;3,91;3,901;28004748;109288518,91;37;
2018-09-27;3,88;3,93;;;;3,92;;;;0;
2018-09-26;3,88;3,92;3,90;3,92;3,88;3,92;3,899;5430676;21175063,68;5;
2018-09-25;3,90;3,94;3,93;3,93;3,92;3,92;3,927;15233463;59817509,59;7;
2018-09-24;3,93;3,96;3,955;3,955;3,955;3,955;3,955;1000000;3955000;1;
2018-09-21;3,93;3,97;3,97;3,97;3,94;3,94;3,959;24090411;95366559,34;9;
2018-09-20;3,98;4,02;4,04;4,04;4,00;4,00;4,016;22500000;90353287,48;5;
2018-09-19;4,05;4,10;4,075;4,08;4,05;4,075;4,075;61873790;253143163,43;6;
2018-09-18;4,06;4,10;4,10;4,10;4,06;4,06;4,084;3360000;13721600;2;
2018-09-17;4,06;4,10;4,09;4,09;4,09;4,09;4,09;5000000;20450000;1;
2018-09-14;4,05;4,10;4,10;4,10;4,10;4,10;4,10;2000000;8200000;1;
2018-09-13;4,02;4,08;4,06;4,06;4,01;4,06;4,036;43031000;173683285;10;
2018-09-12;4,01;4,05;4,00;4,03;4,00;4,01;4,02;12367000;49718670;4;
2018-09-11;3,98;4,03;4,09;4,09;4,00;4,00;4,034;85035000;343040700;22;
2018-09-10;4,09;4,15;;;;4,14;;37000;152440;1;
2018-09-07;4,12;4,16;4,12;4,14;4,12;4,14;4,121;1268592;5227699,04;2;
2018-09-06;4,12;4,15;4,11;4,15;4,11;4,14;4,127;37500000;154750000;9;
2018-09-05;4,11;4,16;4,11;4,14;4,11;4,14;4,122;164516;678096,24;2;
2018-09-04;4,12;4,14;4,12;4,12;4,12;4,12;4,12;1160000;4779200;1;
2018-09-03;4,12;4,14;4,12;4,13;4,12;4,12;4,129;1078387;4452153,23;4;
2018-08-31;4,13;4,16;4,13;4,14;4,13;4,13;4,14;53294263;220625306,19;6;
2018-08-30;4,13;4,16;4,15;4,15;4,14;4,14;4,147;15000000;62200000;3;
2018-08-29;4,15;4,20;4,17;4,17;4,15;4,15;4,17;5110121;21307002,15;2;
2018-08-28;4,16;4,20;4,16;4,21;4,16;4,18;4,195;67135310;281129655,1;11;
2018-08-27;4,18;4,23;4,20;4,20;4,20;4,20;4,20;5000000;21000000;1;
2018-08-24;4,17;4,22;4,21;4,21;4,17;4,17;4,209;4310000;18140700;2;
2018-08-23;4,17;4,23;4,21;4,21;4,18;4,20;4,206;41110121;172900305,78;7;
2018-08-22;4,21;4,27;4,24;4,24;4,22;4,22;4,24;17000000;72079000;4;
2018-08-21;4,21;4,26;4,23;4,235;4,23;4,235;4,234;41985121;177756436,83;4;
2018-08-20;4,16;4,21;4,18;4,20;4,16;4,20;4,18;70465000;294846000;5;
2018-08-17;4,18;4,24;4,19;4,21;4,18;4,18;4,205;78110121;328410305,78;10;
2018-08-16;4,19;4,25;4,16;4,24;4,16;4,22;4,205;60236121;253290448,2;16;
2018-08-15;4,11;4,16;4,13;4,13;4,12;4,12;4,128;13000000;53660000;2;
2018-08-14;4,10;4,16;4,10;4,10;4,10;4,10;4,10;338095;1386189,5;3;
2018-08-13;4,12;4,16;4,14;4,14;4,14;4,14;4,14;5000000;20700000;1;
2018-08-10;4,14;4,19;4,055;4,19;4,055;4,15;4,137;84280501;348177133,34;13;
2018-08-09;4,04;4,09;3,99;4,08;3,99;4,08;4,022;51399001;206746444,01;7;
2018-08-08;3,94;3,98;3,94;3,94;3,94;3,94;3,94;180000;709200;1;
2018-08-07;3,94;3,99;;;;3,96;;620000;2458300;1;
2018-08-03;3,94;3,97;3,95;3,96;3,95;3,96;3,955;10000000;39550000;2;
2018-08-02;3,92;3,95;;;;3,93;;;;0;
2018-08-01;3,93;3,95;3,97;3,97;3,93;3,93;3,95;15362621;60675100,53;7;
2018-07-31;3,97;4,01;4,00;4,00;3,97;3,97;3,999;10500121;41987781,58;5;
2018-07-30;3,97;4,01;4,02;4,03;3,97;3,97;4,011;12873523;51610863,99;7;
2018-07-27;4,02;4,08;4,07;4,07;4,06;4,06;4,064;15415000;62639050;4;
2018-07-26;4,08;4,13;4,10;4,10;4,08;4,08;4,10;5117000;20978600;3;
2018-07-25;4,11;4,15;;;;4,14;;3524000;14624600;1;
2018-07-24;4,10;4,16;4,09;4,14;4,09;4,14;4,113;15233463;62654863,67;3;
2018-07-23;4,09;4,13;4,10;4,11;4,09;4,11;4,103;15110121;62000394,89;4;
2018-07-20;4,07;4,13;4,07;4,07;4,07;4,07;4,07;124324;505998,68;1;
2018-07-19;4,08;4,13;4,03;4,11;4,03;4,11;4,091;23045000;94271350;8;
2018-07-18;4,00;4,06;4,06;4,06;4,06;4,06;4,06;5049876;20527496,56;2;
2018-07-17;4,00;4,06;4,065;4,065;4,05;4,05;4,058;20000000;81150000;3;
2018-07-16;4,04;4,10;;;;4,07;;;;0;
2018-07-13;4,03;4,08;4,15;4,15;4,07;4,07;4,111;20317000;83515550;5;
2018-07-12;4,16;4,21;4,19;4,19;4,16;4,16;4,189;5110121;21408103,36;2;
2018-07-11;4,17;4,23;4,205;4,21;4,19;4,19;4,202;25239000;106056190;4;
2018-07-10;4,18;4,23;4,205;4,205;4,205;4,205;4,205;2500000;10512500;1;
2018-07-09;4,18;4,23;4,22;4,22;4,18;4,18;4,214;10456015;44056142,7;4;
2018-07-06;4,24;4,29;4,265;4,265;4,265;4,265;4,265;5500001;23457504,24;2;
2018-07-05;4,24;4,29;4,26;4,26;4,26;4,26;4,26;16018294;68237932,44;5;
2018-07-04;4,25;4,29;4,27;4,27;4,24;4,24;4,269;5138387;21936760,88;2;
2018-07-03;4,27;4,33;4,30;4,30;4,30;4,30;4,30;10300000;44290000;3;
2018-07-02;4,30;4,36;4,36;4,36;4,33;4,33;4,355;4868680;21202844,8;2;
2018-06-29;4,32;4,36;4,335;4,36;4,335;4,36;4,337;17489823;75879231,5;4;
2018-06-28;4,30;4,36;4,35;4,35;4,30;4,34;4,346;11245000;48873500;4;
2018-06-27;4,35;4,41;4,385;4,385;4,36;4,36;4,381;119500;523570;2;
2018-06-26;4,36;4,40;4,43;4,43;4,39;4,39;4,406;20781131;91556930,33;7;
2018-06-25;4,40;4,46;;;;4,44;;185000;819550;1;
2018-06-22;4,41;4,46;4,445;4,445;4,44;4,44;4,443;12500000;55537500;2;
2018-06-21;4,43;4,47;4,50;4,50;4,45;4,47;4,476;28025000;125446750;6;
2018-06-20;4,48;4,51;4,50;4,52;4,48;4,51;4,508;12829445;57834021,6;6;
2018-06-19;4,48;4,52;4,51;4,51;4,48;4,50;4,503;22580645;101686289,6;3;
2018-06-18;4,48;4,54;4,50;4,515;4,49;4,515;4,498;11910000;53572650;3;
2018-06-15;4,48;4,54;4,55;4,55;4,50;4,50;4,539;29610121;134394443,29;7;
2018-06-14;4,47;4,52;4,51;4,53;4,47;4,47;4,511;44289630;199788996,1;10;
2018-06-13;4,45;4,50;4,44;4,48;4,42;4,48;4,454;32526398;144772863,84;11;
2018-06-12;4,38;4,44;4,36;4,44;4,36;4,44;4,416;17226542;76065936,41;6;
2018-06-11;4,36;4,40;4,40;4,40;4,36;4,36;4,396;24397317;107223653,33;10;
2018-06-08;4,40;4,46;;;;4,40;;;;0;
2018-06-07;4,40;4,46;4,46;4,46;4,40;4,40;4,41;9605966;42361310,56;4;
2018-06-06;4,40;4,45;4,40;4,40;4,40;4,40;4,40;866242;3811464,8;3;
2018-06-05;4,41;4,46;4,40;4,45;4,40;4,43;4,432;20681500;91649475;5;
2018-06-04;4,39;4,44;4,39;4,44;4,39;4,44;4,391;61000;267840;2;
2018-06-01;4,39;4,43;4,39;4,41;4,39;4,41;4,402;50488773;222211488,93;9;
2018-05-31;4,35;4,40;4,35;4,35;4,35;4,35;4,35;17052589;74166208,83;4;
2018-05-30;4,34;4,40;4,40;4,40;4,34;4,39;4,363;67610121;294945931,19;13;
2018-05-29;4,38;4,44;4,40;4,44;4,40;4,44;4,401;7945000;34963800;4;
2018-05-28;4,38;4,43;4,40;4,40;4,40;4,40;4,40;7735869;34037823,6;2;
2018-05-25;4,38;4,43;4,40;4,405;4,40;4,405;4,40;22800869;100324148,6;5;
2018-05-24;4,39;4,44;4,41;4,41;4,40;4,40;4,406;13135000;57869350;3;
2018-05-23;4,39;4,42;4,41;4,41;4,38;4,41;4,41;41183821;181616446,98;6;
2018-05-22;4,38;4,43;4,41;4,41;4,39;4,41;4,409;40550000;178765500;4;
2018-05-18;4,39;4,44;4,38;4,41;4,37;4,41;4,404;55642121;245035012,4;9;
2018-05-17;4,36;4,40;4,395;4,395;4,36;4,38;4,376;49361300;216014994;6;
2018-05-16;4,36;4,42;4,42;4,42;4,42;4,42;4,42;17000000;75140000;1;
2018-05-15;4,36;4,41;4,40;4,40;4,36;4,36;4,396;26960121;118508627,56;6;
2018-05-14;4,35;4,38;4,35;4,37;4,35;4,37;4,358;25540000;111309800;4;
2018-05-11;4,30;4,36;4,36;4,36;4,27;4,33;4,327;43141542;186671087,97;12;
2018-05-09;4,35;4,40;4,39;4,395;4,34;4,36;4,381;88776121;388965165,14;11;
2018-05-08;4,39;4,42;4,39;4,43;4,39;4,40;4,405;62976028;277389762,92;13;
2018-05-07;4,41;4,46;4,43;4,44;4,41;4,44;4,432;26045239;115432364,25;9;
2018-05-04;4,43;4,44;4,42;4,43;4,42;4,43;4,427;22500000;99600000;3;
2018-05-03;4,40;4,46;4,42;4,42;4,42;4,42;4,42;17615000;77858300;3;
2018-05-02;4,41;4,44;4,41;4,43;4,41;4,42;4,419;41149141;181797711,81;8;
2018-04-30;4,41;4,46;4,44;4,44;4,40;4,40;4,427;30143375;133405883,75;8;
2018-04-27;4,44;4,50;4,47;4,47;4,44;4,44;4,47;12500006;55875026,64;3;
2018-04-26;4,20;4,54;4,515;4,54;4,48;4,48;4,507;63917263;286672539,5;12;
2018-04-25;4,50;4,55;4,55;4,56;4,515;4,515;4,54;178900605;807917847,91;17;
2018-04-24;4,40;4,46;4,425;4,425;4,425;4,425;4,425;17823200;78867660;4;
2018-04-23;4,40;4,45;4,42;4,43;4,42;4,425;4,421;37250000;164683750;5;
2018-04-20;4,40;4,43;4,42;4,42;4,40;4,42;4,419;184983774;816205975,6;16;
2018-04-18;4,36;4,41;4,35;4,395;4,35;4,395;4,379;80705242;352035236,17;9;
2018-04-17;4,29;4,35;4,33;4,35;4,32;4,32;4,329;106106302;459329224,64;8;
2018-04-16;4,35;4,38;4,37;4,37;4,35;4,35;4,358;11610000;50591500;4;
2018-04-13;4,35;4,39;4,36;4,365;4,34;4,365;4,365;30920242;134960052,7;6;
2018-04-12;4,34;4,39;4,36;4,36;4,34;4,36;4,36;30131229;131369533,86;6;
2018-04-11;4,33;4,38;4,35;4,375;4,34;4,35;4,355;25515242;111113852,7;9;
2018-04-10;4,34;4,40;4,37;4,375;4,35;4,35;4,366;65623532;286527952,5;6;
2018-04-09;4,35;4,40;4,38;4,38;4,38;4,38;4,38;27835188;121918123,44;3;
2018-04-06;4,37;4,41;4,33;4,38;4,33;4,38;4,378;99504137;435662913,21;8;
2018-04-05;4,32;4,38;4,33;4,34;4,33;4,34;4,34;5064516;21979354,28;2;
2018-04-04;4,33;4,39;4,45;4,45;4,36;4,36;4,399;53273121;234368781,19;12;
2018-04-03;4,46;4,49;4,48;4,48;4,46;4,46;4,468;32637029;145813889,92;6;
2018-03-28;4,45;4,46;4,46;4,47;4,45;4,45;4,461;44210057;197205854,86;7;
2018-03-27;4,43;4,46;4,46;4,46;4,46;4,46;4,46;29000000;129340000;9;
2018-03-26;4,41;4,46;4,39;4,44;4,37;4,44;4,428;67766692;299796911,72;11;
2018-03-23;4,34;4,39;4,37;4,39;4,35;4,39;4,369;33270000;145340850;7;
2018-03-22;4,37;4,41;4,40;4,43;4,37;4,37;4,404;34174932;150474732,84;8;
2018-03-21;4,38;4,43;4,33;4,39;4,33;4,39;4,388;43110121;189146823,93;5;
2018-03-20;4,33;4,38;4,29;4,38;4,29;4,355;4,347;85117929;370031227,73;9;
2018-03-19;4,29;4,33;4,29;4,32;4,28;4,29;4,309;16162903;69648031,29;6;
2018-03-16;4,28;4,33;4,24;4,37;4,24;4,30;4,328;67837601;293569124,11;27;
2018-03-15;4,25;4,30;4,22;4,29;4,22;4,275;4,261;88276416;376165551,64;12;
2018-03-14;4,17;4,22;4,22;4,22;4,17;4,22;4,219;30587863;129054288,71;9;
2018-03-13;4,15;4,20;4,17;4,19;4,15;4,17;4,174;49313942;205841909,3;7;
2018-03-12;4,18;4,23;;;;4,21;;;;0;
2018-03-09;4,18;4,24;4,21;4,21;4,18;4,21;4,21;10133871;42660293,28;3;
2018-03-08;4,20;4,25;4,22;4,24;4,20;4,22;4,222;46945915;198231948,18;10;
2018-03-07;4,18;4,21;4,16;4,21;4,16;4,21;4,182;37425400;156494924;9;
2018-03-06;4,19;4,24;4,20;4,22;4,20;4,22;4,205;67180000;282469600;12;
2018-03-05;4,14;4,20;4,18;4,18;4,17;4,17;4,176;13184821;55056804,78;4;
2018-03-02;4,13;4,18;4,12;4,18;4,12;4,18;4,167;3270742;13628487,04;4;
2018-03-01;4,14;4,19;4,10;4,15;4,10;4,15;4,145;23485836;97341927,6;3;
2018-02-28;4,12;4,16;3,99;4,18;3,98;4,12;4,069;101559879;413273045,43;22;
2018-02-27;4,02;4,08;4,10;4,10;4,02;4,02;4,061;50000000;203051400;8;
2018-02-26;4,11;4,16;4,12;4,16;4,12;4,16;4,122;45150121;186121703,36;7;
2018-02-23;4,09;4,12;4,10;4,11;4,08;4,11;4,093;20245000;82856950;6;
2018-02-22;4,10;4,15;4,10;4,10;4,10;4,10;4,10;220242;902992,2;1;
2018-02-21;4,09;4,15;4,19;4,19;4,12;4,12;4,176;31987982;133580274,7;9;
2018-02-20;4,19;4,24;4,28;4,28;4,19;4,22;4,219;85894740;362778710,6;10;
2018-02-19;4,21;4,26;4,19;4,23;4,18;4,22;4,215;55700000;234749595,16;12;
2018-02-16;4,14;4,17;4,02;4,17;4,02;4,17;4,117;130577821;535531222,63;14;
2018-02-15;4,04;4,08;4,05;4,05;4,04;4,04;4,049;1615121;6540138,84;2;
2018-02-14;4,05;4,09;4,06;4,065;4,05;4,05;4,063;22630121;91952890,05;5;
2018-02-13;4,02;4,08;4,06;4,06;4,05;4,05;4,055;10066600;40821728;3;
2018-02-12;4,07;4,11;4,08;4,09;4,07;4,09;4,08;52611710;215306862,12;8;
2018-02-09;4,06;4,10;4,05;4,09;4,04;4,08;4,082;56430121;230784088,84;7;
2018-02-08;4,07;4,11;4,14;4,14;4,08;4,08;4,107;38221321;156973108,94;10;
2018-02-07;4,08;4,12;4,10;4,10;4,10;4,10;4,10;110121;451496,1;1;
2018-02-06;4,07;4,10;4,05;4,09;4,05;4,09;4,067;36651725;149042784,51;14;
2018-02-05;4,12;4,17;4,22;4,22;4,14;4,14;4,153;40040000;166401300;7;
2018-02-02;4,18;4,22;4,15;4,22;4,15;4,22;4,20;10851895;45575008,2;6;
2018-02-01;4,15;4,19;4,20;4,20;4,16;4,18;4,177;62755000;262163180;12;
2018-01-31;4,20;4,25;4,27;4,27;4,22;4,22;4,237;76352985;323592414,95;11;
2018-01-30;4,24;4,27;4,26;4,26;4,24;4,255;4,251;36733463;156169552,38;6;
2018-01-29;4,23;4,27;4,24;4,24;4,23;4,23;4,235;11000000;46580000;2;
2018-01-26;4,23;4,27;4,30;4,30;4,24;4,26;4,277;64100000;274124800;15;
2018-01-25;4,30;4,34;4,34;4,34;4,30;4,30;4,338;51987248;225515317,8;11;
2018-01-24;4,29;4,32;4,31;4,31;4,29;4,30;4,298;30733866;132122689,98;10;
2018-01-23;4,30;4,35;4,24;4,33;4,24;4,30;4,303;143924584;619294126,57;21;
2018-01-22;4,25;4,30;4,32;4,32;4,26;4,26;4,298;26155000;112403300;5;
2018-01-19;4,28;4,33;4,26;4,33;4,26;4,33;4,293;52990121;227492615,46;10;
2018-01-18;4,27;4,31;4,235;4,30;4,235;4,30;4,264;95433637;407329517,41;11;
2018-01-17;4,20;4,26;4,21;4,25;4,20;4,25;4,217;111465995;470087682,84;15;
2018-01-16;4,15;4,19;4,21;4,21;4,14;4,17;4,183;38810573;162353330,57;10;
2018-01-15;4,18;4,21;;;;4,21;;;;0;
2018-01-12;4,18;4,24;4,185;4,21;4,185;4,21;4,198;30204333;126785241,93;7;
2018-01-11;4,16;4,21;4,17;4,18;4,16;4,18;4,175;52096774;217523547,58;17;
2018-01-10;4,11;4,16;4,10;4,15;4,10;4,15;4,114;48610121;199977597,31;9;
2018-01-09;4,05;4,09;4,08;4,09;4,08;4,09;4,081;11500000;46935000;3;
2018-01-08;4,04;4,08;4,08;4,085;4,06;4,06;4,07;12329869;50180068,14;5;
2018-01-05;4,06;4,10;4,07;4,08;4,07;4,08;4,077;15000000;61150000;3;
2018-01-04;4,01;4,06;4,07;4,07;4,07;4,07;4,07;5122850;20799999,5;2;
2018-01-03;4,01;4,07;4,10;4,10;4,05;4,05;4,075;22640000;92249700;8;
2018-01-02;4,10;4,15;4,10;4,10;4,10;4,10;4,10;1230121;5070246,1;3;
2017-12-29;4,12;4,13;4,12;4,125;4,12;4,125;4,124;7913444;32641322,03;5;
2017-12-28;4,08;4,13;4,11;4,11;4,09;4,09;4,103;9244437;37935153,23;3;
2017-12-27;;4,17;4,11;4,16;4,11;4,11;4,111;62095278;255824092,58;12;
2017-12-22;4,14;4,16;4,15;4,20;4,15;4,155;4,156;50665934;210543238,02;10;
2017-12-21;4,16;4,20;4,20;4,20;4,16;4,16;4,176;34749585;145101360,46;12;
2017-12-20;4,19;4,22;4,23;4,23;4,18;4,21;4,215;37158203;156633432,2;11;
2017-12-19;4,22;4,27;4,24;4,26;4,23;4,26;4,251;77134000;328052920;9;
2017-12-18;4,19;4,23;4,27;4,27;4,21;4,22;4,217;43845504;184882302,08;8;
2017-12-15;4,25;4,29;4,28;4,28;4,27;4,27;4,273;27970000;119511600;5;
2017-12-14;4,25;4,29;4,22;4,27;4,22;4,25;4,266;56062290;239180546,38;10;
2017-12-13;4,23;4,27;4,25;4,25;4,235;4,25;4,246;94075152;399475561,37;15;
2017-12-12;4,22;4,27;4,24;4,25;4,22;4,25;4,24;46665181;197862063,82;6;
2017-12-11;4,18;4,23;4,19;4,21;4,18;4,21;4,197;71879018;301623596,6;11;
2017-12-08;4,15;4,19;4,15;4,19;4,15;4,175;4,167;213212921;888050343,97;18;
2017-12-07;4,10;4,15;4,14;4,165;4,12;4,14;4,138;75160121;309068400,94;10;
2017-12-06;4,15;4,19;4,21;4,21;4,15;4,15;4,177;44895257;187520257,33;10;
2017-12-05;4,18;4,21;4,18;4,21;4,18;4,20;4,197;125005000;523671050;18;
2017-12-04;4,07;4,11;4,06;4,11;4,05;4,11;4,078;53285582;217323172,04;9;
2017-12-01;4,06;4,08;4,08;4,08;4,06;4,06;4,078;75110121;306297091,26;4;
2017-11-30;4,06;4,12;4,13;4,13;4,08;4,08;4,11;20004908;82070669,8;5;
2017-11-29;4,13;4,17;4,15;4,16;4,11;4,15;4,157;38955000;161935050;7;
2017-11-28;4,10;4,16;4,15;4,15;4,15;4,15;4,15;110121;457002,15;1;
2017-11-27;4,12;4,15;4,15;4,15;4,12;4,12;4,137;42194805;174562596,6;4;
2017-11-24;4,14;4,18;4,165;4,165;4,14;4,14;4,145;5303824;21984036,16;5;
2017-11-23;4,16;4,19;4,15;4,19;4,15;4,19;4,18;40180237;167949919,03;5;
2017-11-22;4,16;4,19;4,17;4,175;4,16;4,175;4,172;30000000;125150000;3;
2017-11-21;4,18;4,21;4,21;4,21;4,21;4,21;4,21;24000000;101040000;1;
2017-11-20;4,17;4,21;4,17;4,19;4,17;4,17;4,183;98374121;413064964,57;5;
2017-11-17;4,15;4,20;4,15;4,20;4,14;4,17;4,186;63771852;261530845,79;10;
2017-11-16;4,15;4,20;4,15;4,17;4,15;4,15;4,152;8118512;33692824,8;5;
2017-11-15;4,15;4,20;4,16;4,18;4,15;4,15;4,158;25072258;104250838,44;7;
2017-11-14;4,18;4,24;4,16;4,20;4,16;4,20;4,198;105768695;441913828,16;9;
2017-11-13;4,14;4,18;4,14;4,18;4,14;4,16;4,17;32415324;135170912,42;11;
2017-11-10;4,14;4,18;4,21;4,22;4,16;4,18;4,187;85162773;357242103,14;13;
2017-11-09;4,18;4,24;4,15;4,24;4,15;4,21;4,216;149291584;626567121,01;28;
2017-11-08;4,10;4,16;4,00;4,12;4,00;4,12;4,092;201189094;823549539,76;20;
2017-11-07;4,00;4,04;3,95;4,015;3,95;4,00;3,974;106147474;421867557,48;18;
2017-11-06;3,90;3,94;3,85;3,94;3,85;3,94;3,908;102061000;398849980;13;
2017-11-03;3,81;3,85;3,80;3,83;3,80;3,83;3,83;19382121;74230219,8;2;
2017-11-02;3,80;3,85;3,85;3,88;3,80;3,80;3,833;37880342;145199001,14;13;
2017-11-01;3,85;3,88;3,86;3,89;3,85;3,85;3,857;25261852;97424344,83;10;
2017-10-31;3,86;3,91;3,86;3,86;3,86;3,86;3,86;102633876;396167862,57;4;
2017-10-30;3,84;3,89;3,85;3,87;3,84;3,84;3,863;45466926;175649999,73;8;
2017-10-27;3,81;3,84;3,83;3,83;3,82;3,82;3,828;76220242;291772425,65;9;
2017-10-26;3,83;3,87;3,84;3,86;3,76;3,83;3,841;160112662;615057227,68;32;
2017-10-25;3,90;3,95;3,90;3,95;3,87;3,92;3,924;67629310;265345134,15;13;
2017-10-24;3,87;3,92;3,89;3,90;3,89;3,895;3,894;33810888;131658408,76;4;
2017-10-23;3,86;3,90;3,85;3,90;3,85;3,90;3,88;5391516;20921351,97;5;
2017-10-20;3,85;3,89;3,80;3,85;3,80;3,85;3,845;62110121;238808459,8;7;
2017-10-19;3,81;3,84;3,81;3,82;3,81;3,82;3,819;5745047;21939629,07;5;
2017-10-18;3,82;3,85;3,81;3,83;3,81;3,81;3,829;5721242;21907952,02;4;
2017-10-17;3,82;3,85;3,85;3,85;3,81;3,82;3,84;64346926;247031391,95;11;
2017-10-16;3,85;3,90;3,94;3,94;3,89;3,89;3,914;49195990;192575240,7;13;
2017-10-13;3,93;3,97;3,98;4,00;3,96;3,96;3,961;40451254;160243043,96;9;
2017-10-12;3,97;3,99;4,00;4,04;3,98;3,98;4,02;148696926;595289831,52;15;
2017-10-11;3,96;3,99;3,975;3,99;3,96;3,99;3,975;10860510;43159119,6;7;
2017-10-10;3,95;3,96;3,98;3,98;3,95;3,95;3,953;66110767;263036868,17;16;
2017-10-09;3,95;3,98;3,97;3,98;3,95;3,98;3,98;28028295;111321648,73;8;
2017-10-06;3,95;3,98;3,96;3,975;3,95;3,965;3,966;54841094;217504259,82;30;
2017-10-05;3,96;3,99;3,82;3,97;3,81;3,96;3,912;196084328;765594674,59;43;
2017-10-04;3,83;3,85;3,78;3,84;3,78;3,82;3,816;131471905;501706087,8;37;
2017-10-03;3,70;3,72;3,69;3,74;3,69;3,70;3,719;117162180;433854096,74;29;
2017-10-02;3,68;3,70;3,68;3,69;3,68;3,68;3,685;38765661;142851267,41;61;
2017-09-29;3,69;3,72;3,69;3,705;3,69;3,70;3,699;41771650;154540410,95;40;
2017-09-28;3,69;3,73;3,69;3,74;3,69;3,70;3,716;166000000;614465000;18;
2017-09-27;3,65;3,69;3,66;3,69;3,65;3,67;3,661;21285328;77916527,2;6;
2017-09-26;3,62;3,66;3,64;3,68;3,64;3,64;3,647;25720242;93792782,09;8;
2017-09-25;3,64;3,68;3,66;3,66;3,64;3,64;3,659;8650000;31646000;2;
2017-09-22;3,66;3,67;3,52;3,69;3,52;3,66;3,61;89172757;321875624,64;15;
2017-09-21;3,53;3,57;3,57;3,57;3,48;3,54;3,531;67760121;239226967,13;20;
2017-09-20;3,59;3,61;3,70;3,71;3,59;3,60;3,662;67879713;248553202,61;17;
2017-09-19;3,69;3,73;3,72;3,72;3,72;3,72;3,72;15020000;55874400;5;
2017-09-18;3,73;3,76;3,74;3,74;3,74;3,74;3,74;10970000;41027800;2;
2017-09-15;3,73;3,77;3,75;3,76;3,68;3,73;3,732;79966000;298630660;18;
2017-09-14;3,85;3,86;3,85;3,86;3,85;3,86;3,858;23540000;90814400;4;
2017-09-13;3,81;3,85;3,84;3,85;3,81;3,83;3,83;15579982;59676728,28;6;
2017-09-12;3,81;3,86;3,85;3,88;3,84;3,84;3,862;46025691;177771424,52;11;
2017-09-11;3,80;3,84;3,79;3,84;3,79;3,84;3,813;24720242;94379717,18;6;
2017-09-08;3,80;3,82;3,81;3,82;3,80;3,80;3,81;3830242;14593220,81;6;
2017-09-07;3,81;3,83;3,79;3,83;3,79;3,81;3,806;33412870;127170080,93;10;
2017-09-06;3,79;3,82;3,825;3,825;3,79;3,79;3,811;48040242;183077317,18;6;
2017-09-05;3,82;3,85;3,83;3,84;3,825;3,83;3,833;80297668;307748500,1;13;
2017-09-04;3,78;3,82;3,87;3,87;3,80;3,80;3,844;40000000;153744000;11;
2017-09-01;3,87;3,92;3,92;3,92;3,895;3,895;3,915;39191000;153335820;6;
2017-08-31;3,92;3,93;3,93;3,93;3,92;3,92;3,925;4973150;19514748;8;
2017-08-30;;4,00;3,97;3,97;3,95;3,95;3,958;30000000;118750000;8;
2017-08-29;3,96;4,00;4,00;4,00;3,92;3,96;3,965;62992526;249790005,38;19;
2017-08-28;4,00;4,04;4,04;4,04;4,03;4,03;4,035;20110121;81144888,84;5;
2017-08-25;4,03;4,09;4,18;4,18;4,05;4,05;4,104;204142542;842565906,46;27;
2017-08-24;3,92;3,97;3,78;3,93;3,77;3,93;3,815;107025000;409945772,64;16;
2017-08-23;3,79;3,82;3,90;3,90;3,80;3,80;3,867;72790790;281469541,5;16;
2017-08-22;3,90;3,95;3,92;3,925;3,92;3,925;3,924;7800000;30606000;3;
2017-08-21;3,92;3,95;3,97;3,97;3,92;3,92;3,953;69438888;274519218,72;12;
2017-08-18;3,98;4,02;;;;4,005;;;;0;
2017-08-17;3,99;4,03;3,99;4,005;3,99;4,005;4,005;5110121;20464382,79;2;
2017-08-16;3,98;4,02;4,00;4,00;4,00;4,00;4,00;12117778;48471112;3;
2017-08-15;4,00;4,02;4,045;4,045;4,00;4,00;4,021;23774255;95602997,65;9;
2017-08-14;4,03;4,06;4,10;4,10;4,04;4,045;4,073;30615152;124690137,12;11;
2017-08-11;4,10;4,14;4,09;4,13;4,09;4,125;4,127;42768214;176518576,19;8;
2017-08-10;4,10;4,14;4,09;4,12;4,09;4,11;4,117;20364516;83846870,44;4;
2017-08-09;4,10;4,14;4,09;4,10;4,09;4,10;4,096;127621;522753,52;2;
2017-08-08;4,09;4,13;4,09;4,13;4,09;4,13;4,091;112521;460306,89;2;
2017-08-04;4,10;4,15;;;;4,125;;3500000;14560000;1;
2017-08-03;4,10;4,15;4,10;4,125;4,10;4,125;4,10;2478177;10167357,58;7;
2017-08-02;4,09;4,14;4,12;4,13;4,09;4,09;4,125;23810121;98214394,89;5;
2017-08-01;4,08;4,13;4,09;4,105;4,09;4,105;4,094;10150000;41553250;3;
2017-07-31;4,09;4,13;4,12;4,145;4,11;4,11;4,113;36533435;150264073,7;6;
2017-07-28;4,12;4,17;4,135;4,15;4,135;4,15;4,142;22000000;91120000;3;
2017-07-27;4,11;4,16;;;;4,11;;;;0;
2017-07-26;4,11;4,16;4,13;4,135;4,11;4,11;4,134;8889424;36751218,12;3;
2017-07-25;4,10;4,14;4,08;4,13;4,08;4,13;4,116;64638863;266041986,04;9;
2017-07-24;4,08;4,14;4,08;4,08;4,08;4,08;4,08;220242;898587,36;2;
2017-07-21;4,08;4,14;4,09;4,11;4,08;4,08;4,107;19828083;81434039,09;5;
2017-07-20;4,08;4,12;4,10;4,105;4,10;4,105;4,101;12500000;51262500;3;
2017-07-19;4,10;4,13;;;;4,13;;;;0;
2017-07-18;4,10;4,15;4,15;4,15;4,13;4,13;4,138;25110121;103907002,15;8;
2017-07-17;4,15;4,16;4,15;4,15;4,15;4,15;4,15;3917962;16259542,3;1;
2017-07-14;4,16;4,22;4,16;4,16;4,16;4,16;4,16;269121;1119543,36;1;
2017-07-13;4,18;4,21;4,21;4,21;4,18;4,18;4,189;17611488;73768222,26;5;
2017-07-12;4,16;4,18;4,14;4,17;4,14;4,15;4,161;44101210;183490021,5;8;
2017-07-11;4,13;4,16;4,12;4,13;4,12;4,13;4,123;330363;1362196,77;2;
2017-07-10;4,12;4,17;;;;4,13;;;;0;
2017-07-07;4,10;4,16;4,18;4,18;4,13;4,13;4,13;10130121;41838399,73;6;
2017-07-06;4,13;4,18;4,11;4,13;4,10;4,13;4,11;30000000;123300000;6;
2017-07-05;4,15;4,19;4,17;4,19;4,14;4,19;4,166;39532300;164683722;7;
2017-07-04;4,17;4,18;4,16;4,20;4,16;4,18;4,182;78195128;326979976,6;19;
2017-07-03;4,11;4,16;4,15;4,15;4,11;4,11;4,147;30284497;125716989,37;9;
2017-06-30;4,15;4,21;4,16;4,16;4,16;4,16;4,16;5257035;21869265,6;2;
2017-06-29;4,16;4,21;4,19;4,24;4,18;4,18;4,188;73728978;308775639,25;13;
2017-06-28;4,17;4,18;4,20;4,20;4,15;4,17;4,163;228395864;950764781,66;16;
2017-06-27;4,20;4,24;4,25;4,25;4,20;4,20;4,23;30154956;127556515,2;9;
2017-06-26;4,26;4,30;4,26;4,26;4,26;4,26;4,26;9913371;42230960,46;3;
2017-06-23;4,26;4,31;4,27;4,27;4,26;4,26;4,27;90280121;385193015,46;4;
2017-06-22;4,27;4,30;4,28;4,28;4,27;4,27;4,28;20110121;86020216,67;5;
2017-06-21;4,20;4,24;4,22;4,24;4,20;4,24;4,22;82516850;348204106;10;
2017-06-20;4,16;4,22;4,20;4,20;4,15;4,16;4,189;67178629;281404800,27;11;
2017-06-19;4,19;4,25;4,32;4,32;4,23;4,23;4,255;72100000;306783000;14;
2017-06-16;4,32;4,37;4,34;4,35;4,34;4,35;4,341;21605000;93781750;2;
2017-06-15;4,31;4,37;4,41;4,41;4,34;4,37;4,379;83080000;363971100;14;
2017-06-14;4,40;4,45;4,425;4,45;4,40;4,40;4,418;28919121;127748936,03;6;
2017-06-13;4,40;4,44;4,45;4,45;4,40;4,40;4,437;106734545;463103048,9;13;
2017-06-12;4,45;4,51;4,39;4,51;4,39;4,48;4,462;138027214;614887728,56;25;
2017-06-09;4,33;4,38;4,30;4,38;4,29;4,38;4,319;147291317;636115069,61;21;
2017-06-08;4,25;4,30;4,27;4,29;4,27;4,29;4,273;30033000;128341570;5;
2017-06-07;4,23;4,26;4,24;4,25;4,22;4,25;4,24;5234121;22191710,62;3;
2017-06-06;4,20;4,25;4,20;4,25;4,20;4,25;4,24;13250484;56177032,8;5;
2017-06-02;4,20;4,24;4,23;4,24;4,22;4,23;4,226;20678621;87383330,62;7;
2017-06-01;4,23;4,28;4,22;4,26;4,21;4,255;4,251;38681661;164434792,81;9;
2017-05-31;4,17;4,22;4,21;4,21;4,21;4,21;4,21;22280000;93798800;6;
2017-05-30;4,17;4,22;4,18;4,20;4,17;4,17;4,18;51005541;213589657,97;11;
2017-05-29;4,18;4,20;4,20;4,20;4,17;4,18;4,20;12220242;51319510,35;3;
2017-05-26;4,17;4,22;4,20;4,22;4,185;4,22;4,20;81175000;340562375;9;
2017-05-24;4,17;4,22;4,18;4,18;4,18;4,18;4,18;6500000;27170000;1;
2017-05-23;4,17;4,21;4,20;4,21;4,17;4,18;4,199;53056193;222782706,97;7;
2017-05-22;4,16;4,20;4,18;4,18;4,15;4,17;4,172;42129170;175747515,9;10;
2017-05-19;4,18;4,23;4,18;4,20;4,18;4,20;4,189;55786285;233558578,56;12;
2017-05-18;4,18;4,21;4,19;4,20;4,18;4,18;4,185;100527500;396584470;8;
2017-05-17;4,20;4,25;4,23;4,25;4,20;4,20;4,225;49611380;209598094,95;9;
2017-05-16;4,15;4,19;4,20;4,20;4,17;4,17;4,185;73450743;307265113,58;9;
2017-05-15;4,18;4,22;4,20;4,20;4,20;4,20;4,20;25000000;105000000;1;
2017-05-12;4,17;4,21;4,19;4,195;4,17;4,17;4,19;8540121;35750304,57;5;
2017-05-11;4,17;4,22;4,21;4,22;4,16;4,20;4,202;62332679;261948078,59;15;
2017-05-10;4,20;4,24;4,30;4,30;4,23;4,24;4,252;90600000;385251750;14;
2017-05-09;4,27;4,31;4,27;4,30;4,27;4,30;4,272;131000000;559960000;8;
2017-05-08;4,22;4,27;4,18;4,25;4,18;4,25;4,236;178395478;755658105,18;22;
2017-05-05;4,18;4,22;4,17;4,20;4,17;4,20;4,193;223766361;938231070,87;14;
2017-05-04;4,18;4,21;4,21;4,21;4,18;4,18;4,199;120053600;501217689,64;9;
2017-05-03;4,17;4,19;4,20;4,20;4,18;4,185;4,183;25616118;107146795,6;8;
2017-05-02;4,18;4,20;4,20;4,23;4,18;4,18;4,20;59557000;250148260;5;
2017-04-28;4,17;4,22;4,14;4,20;4,14;4,20;4,179;89352451;373355015,43;18;
2017-04-27;4,11;4,16;4,14;4,15;4,07;4,12;4,121;228942145;943987915,29;32;
2017-04-26;3,91;3,95;3,89;3,93;3,87;3,93;3,903;116110121;453216168,27;12;
2017-04-25;3,91;3,94;3,92;3,96;3,92;3,925;3,93;36945121;145181874,32;11;
2017-04-24;3,92;3,97;3,90;3,95;3,90;3,95;3,942;130895753;513998871,38;14;
2017-04-21;3,85;3,90;3,88;3,88;3,88;3,88;3,88;100000;388000;1;
2017-04-19;3,86;3,88;3,87;3,88;3,86;3,88;3,87;2760121;10682067,06;3;
2017-04-18;3,85;3,89;3,87;3,88;3,84;3,85;3,875;8593438;33301099,01;5;
2017-04-12;3,84;3,88;3,84;3,87;3,84;3,87;3,855;7355887;28357360,92;6;
2017-04-11;3,85;3,88;3,88;3,88;3,84;3,86;3,858;23631052;91167420,2;5;
2017-04-10;3,84;3,87;3,856;3,87;3,84;3,84;3,857;14406218;55566874;8;
2017-04-07;3,85;3,87;3,84;3,87;3,84;3,85;3,853;171499285;659922247,25;16;
2017-04-06;3,79;3,82;3,86;3,87;3,74;3,80;3,834;155874094;596338809,05;26;
2017-04-05;3,84;3,87;3,85;3,86;3,85;3,85;3,862;189571411;732199932,35;11;
2017-04-04;3,85;3,87;3,825;3,85;3,825;3,85;3,842;173190121;665412963,43;10;
2017-04-03;3,80;3,84;3,82;3,83;3,81;3,82;3,823;65708561;251806057,86;7;
2017-03-31;3,80;3,84;3,80;3,84;3,80;3,80;3,804;10437331;39024154,17;7;
2017-03-30;3,80;3,83;3,83;3,83;3,80;3,80;3,817;20435000;78006600;8;
2017-03-29;3,84;3,87;3,84;3,84;3,84;3,84;3,84;1784301;6851715,84;6;
2017-03-28;3,85;3,89;3,88;3,89;3,85;3,85;3,885;41320242;160515931,7;5;
2017-03-27;3,84;3,88;;;;3,855;;;;0;
2017-03-24;3,83;3,88;3,87;3,88;3,83;3,855;3,86;200359025;773405928,03;14;
2017-03-23;3,82;3,86;3,82;3,85;3,82;3,85;3,84;3582176;13755912,32;5;
2017-03-22;3,82;3,86;3,91;3,91;3,85;3,85;3,881;47220242;183270134,12;8;
2017-03-21;3,93;3,96;3,95;3,95;3,93;3,93;3,95;110220242;436367753,48;5;
2017-03-20;3,92;3,96;3,95;3,98;3,91;3,92;3,953;250385363;988358325,38;25;
2017-03-17;3,89;3,93;3,74;3,91;3,74;3,91;3,832;286785794;1093514468,77;28;
2017-03-16;3,72;3,76;3,73;3,76;3,72;3,76;3,75;37269742;139977711,61;7;
2017-03-15;3,74;3,77;3,62;3,75;3,62;3,75;3,716;117774766;437650834,2;16;
2017-03-14;3,66;3,68;3,65;3,68;3,64;3,67;3,665;88784981;324193823,09;10;
2017-03-13;3,63;3,68;3,60;3,65;3,59;3,65;3,63;100113484;363444900,87;18;
2017-03-10;3,62;3,67;3,65;3,65;3,65;3,65;3,65;45000000;164250000;6;
2017-03-09;3,66;3,69;3,69;3,69;3,67;3,67;3,67;15200000;55788000;2;
2017-03-08;3,65;3,73;3,77;3,77;3,68;3,68;3,726;57616121;214685520,12;13;
2017-03-07;3,78;3,82;3,75;3,82;3,75;3,78;3,78;52602708;198660620,07;15;
2017-03-06;3,75;3,79;3,72;3,79;3,72;3,77;3,752;115196426;430632060,77;13;
2017-03-03;3,69;3,72;3,65;3,72;3,65;3,72;3,687;197577336;723823500,58;23;
2017-03-02;3,60;3,64;3,64;3,65;3,62;3,62;3,631;311395121;1130576691,65;17;
2017-03-01;3,58;3,63;3,54;3,60;3,54;3,58;3,559;158665181;564740797,38;15;
2017-02-28;3,50;3,53;3,47;3,53;3,45;3,50;3,503;146455104;494353860,37;17;
2017-02-27;3,41;3,45;3,42;3,43;3,41;3,43;3,42;40300887;137827932,33;11;
2017-02-24;3,41;3,46;3,44;3,48;3,44;3,44;3,44;20057000;69097392,26;17;
2017-02-23;3,44;3,45;3,44;3,47;3,44;3,45;3,452;80158411;276952780,05;13;
2017-02-22;3,41;3,44;3,41;3,44;3,41;3,44;3,423;237846;814072,32;4;
2017-02-21;3,43;3,45;3,46;3,46;3,44;3,44;3,454;46275677;159660674,73;6;
2017-02-20;3,47;3,49;3,50;3,50;3,46;3,50;3,489;141649362;494213606,98;27;
2017-02-17;3,42;3,47;3,60;3,61;3,45;3,45;3,536;360445973;1271227128,52;49;
2017-02-16;3,38;3,41;3,37;3,40;3,36;3,39;3,388;128786976;436324311,54;20;
2017-02-15;3,44;3,48;3,48;3,48;3,44;3,44;3,471;20058678;69629533,14;8;
2017-02-14;3,44;3,49;3,42;3,47;3,40;3,46;3,443;127650000;439505000;11;
2017-02-13;3,39;3,43;3,35;3,42;3,35;3,40;3,40;356268988;1192366179,9;45;
2017-02-10;3,26;3,29;3,15;3,27;3,15;3,27;3,242;148588338;481252517,76;21;
2017-02-09;3,16;3,18;3,17;3,18;3,15;3,16;3,169;39465796;125083628,68;14;
2017-02-08;3,12;3,16;3,13;3,13;3,13;3,13;3,13;7812683;24453697,79;6;
2017-02-07;3,14;3,17;3,14;3,15;3,14;3,14;3,15;30360363;95580258,28;9;
2017-02-06;3,13;3,15;3,14;3,14;3,13;3,13;3,139;24979604;78402084,09;5;
2017-02-03;3,13;3,16;3,15;3,15;3,13;3,15;3,144;27451652;86366776,26;9;
2017-02-02;3,14;3,17;3,06;3,15;3,06;3,15;3,104;66000000;204840000;8;
2017-02-01;3,06;3,09;3,07;3,07;3,03;3,07;3,051;104737921;319504555,42;17;
2017-01-31;3,11;3,13;3,11;3,11;3,11;3,11;3,11;110121;342476,31;1;
2017-01-30;3,10;3,13;3,11;3,115;3,10;3,115;3,113;30560121;95140875,1;6;
2017-01-27;3,11;3,14;3,13;3,135;3,13;3,13;3,131;73500000;230405000;4;
2017-01-26;3,12;3,14;3,04;3,14;3,04;3,13;3,097;132500000;410325000;24;
2017-01-25;3,05;3,08;3,08;3,08;3,06;3,06;3,067;15000000;46000000;2;
2017-01-24;3,05;3,08;3,08;3,08;3,03;3,05;3,062;68212791;208856332,55;10;
2017-01-23;3,07;3,10;3,09;3,09;3,08;3,08;3,088;25000000;77200000;2;
2017-01-20;3,09;3,13;3,13;3,13;3,11;3,13;3,119;48645000;151708850;9;
2017-01-19;3,08;3,12;3,07;3,10;3,07;3,10;3,087;34500000;106500000;6;
2017-01-18;3,02;3,06;3,05;3,08;3,04;3,04;3,056;74000000;226150000;11;
2017-01-17;3,01;3,05;3,03;3,05;3,02;3,05;3,036;25365976;77005247,52;4;
2017-01-16;3,04;3,08;3,05;3,05;3,04;3,04;3,042;1306433;3974620,65;2;
2017-01-13;3,05;3,08;3,05;3,07;3,05;3,05;3,066;18443121;56551519,05;7;
2017-01-12;3,04;3,07;3,105;3,105;3,04;3,04;3,076;75320121;231679173,89;12;
2017-01-11;3,09;3,12;3,12;3,12;3,09;3,09;3,113;15110121;47040273,89;4;
2017-01-10;3,11;3,15;3,14;3,14;3,12;3,12;3,12;2539742;7924640,2;4;
2017-01-09;3,12;3,14;3,13;3,13;3,12;3,13;3,129;40382987;126348104,15;6;
2017-01-06;3,13;3,17;3,19;3,19;3,13;3,13;3,155;21986959;69372699,21;10;
2017-01-05;3,16;3,19;3,18;3,18;3,16;3,16;3,179;36327218;115494008,88;3;
2017-01-04;3,15;3,18;3,17;3,18;3,15;3,15;3,171;2992475;9487665,66;7;
2017-01-03;3,15;3,16;3,16;3,16;3,16;3,16;3,16;8700000;27492000;1;
2017-01-02;3,15;3,17;3,13;3,17;3,13;3,16;3,156;55149910;174022869,51;9;
2016-12-30;3,13;3,14;3,14;3,14;3,13;3,13;3,137;37765156;117557589,49;8;
2016-12-29;3,14;3,16;3,14;3,15;3,14;3,14;3,149;5883516;18527380,24;6;
2016-12-28;3,14;3,16;3,15;3,15;3,15;3,15;3,15;25000000;78750000;6;
2016-12-27;3,15;3,17;3,16;3,17;3,15;3,16;3,169;24521621;77717221,15;5;
2016-12-23;3,16;3,17;3,16;3,16;3,16;3,16;3,16;22574285;71109740,6;2;
2016-12-22;3,14;3,17;3,19;3,23;3,15;3,15;3,20;236260275;756210497,25;34;
2016-12-21;3,17;3,20;3,17;3,19;3,16;3,19;3,185;123006427;391496829,67;12;
2016-12-20;3,15;3,18;3,16;3,17;3,16;3,17;3,162;12244832;38723245,29;6;
2016-12-19;3,14;3,16;3,145;3,15;3,14;3,14;3,148;25709163;80931177,66;10;
2016-12-16;3,13;3,16;3,12;3,16;3,12;3,13;3,146;25049841;78815056,7;9;
2016-12-15;3,12;3,15;3,15;3,15;3,12;3,12;3,132;37628540;117611994,81;12;
2016-12-14;3,15;3,16;3,17;3,20;3,15;3,16;3,176;112764448;358204401,37;23;
2016-12-13;3,14;3,16;3,14;3,15;3,13;3,14;3,148;20474484;64457677,34;8;
2016-12-12;3,13;3,16;3,14;3,14;3,14;3,14;3,14;19865033;62426203,62;5;
2016-12-09;3,15;3,17;3,16;3,16;3,14;3,15;3,16;51088499;161422315,53;10;
2016-12-08;3,14;3,17;3,14;3,16;3,14;3,16;3,154;309910426;971416946,16;12;
2016-12-07;3,07;3,09;3,07;3,08;3,07;3,08;3,08;10192988;31337884,49;6;
2016-12-06;3,06;3,09;3,08;3,09;3,06;3,06;3,086;33300887;102775119,06;12;
2016-12-05;3,08;3,11;3,08;3,08;3,08;3,08;3,08;4512058;13897138,64;5;
2016-12-02;3,08;3,10;3,11;3,11;3,09;3,09;3,10;40000000;124000000;9;
2016-12-01;3,09;3,10;3,13;3,13;3,09;3,09;3,115;99131319;308747842,53;20;
2016-11-30;3,09;3,12;3,095;3,115;3,08;3,105;3,106;332605484;1032071700,4;24;
2016-11-29;3,08;3,11;3,10;3,10;3,08;3,10;3,10;34212912;106056534,46;7;
2016-11-28;3,09;3,12;3,10;3,105;3,08;3,10;3,103;34820242;108061145,36;7;
2016-11-25;3,09;3,10;3,09;3,12;3,09;3,105;3,101;34173417;105978912,79;6;
2016-11-24;3,06;3,10;3,08;3,10;3,08;3,08;3,088;55415241;170838942,28;6;
2016-11-23;3,03;3,07;3,02;3,05;3,02;3,05;3,039;8041000;24433820;3;
2016-11-22;3,02;3,06;3,02;3,04;3,02;3,04;3,031;60000000;181850000;5;
2016-11-21;3,03;3,06;;;;3,05;;;;0;
2016-11-18;3,05;3,07;3,04;3,05;3,04;3,05;3,048;29610121;90260869,05;5;
2016-11-17;3,02;3,05;3,02;3,02;3,02;3,02;3,02;8337000;25177740;3;
2016-11-16;3,04;3,07;3,05;3,06;3,03;3,03;3,05;10220062;31170086,09;4;
2016-11-15;3,05;3,08;3,07;3,08;3,055;3,055;3,061;36565000;111921301,21;8;
2016-11-14;3,06;3,10;3,08;3,08;3,07;3,07;3,077;17050000;52463500;6;
2016-11-11;3,08;3,10;3,06;3,10;3,06;3,08;3,094;7127190;22052137,94;5;
2016-11-10;3,06;3,08;3,06;3,06;3,06;3,06;3,06;1148396;3514091,76;3;
2016-11-09;3,07;3,10;3,06;3,07;3,05;3,07;3,065;10854327;33268283,89;6;
2016-11-08;3,07;3,11;3,12;3,12;3,09;3,09;3,096;33064516;102359999,6;5;
2016-11-07;3,11;3,14;3,11;3,115;3,11;3,115;3,115;10664671;33217126,81;4;
2016-11-04;3,12;3,14;3,12;3,12;3,12;3,12;3,12;332049;1035992,88;2;
2016-11-03;3,12;3,14;3,12;3,13;3,12;3,12;3,122;7285067;22742609,04;8;
2016-11-02;3,13;3,16;3,14;3,15;3,13;3,13;3,137;128473676;403275685,88;10;
2016-11-01;3,10;3,13;3,15;3,15;3,10;3,10;3,137;45938275;144086652,5;9;
2016-10-31;3,14;3,17;3,14;3,16;3,135;3,14;3,145;66566973;208650784,62;13;
2016-10-28;3,08;3,10;3,13;3,15;3,06;3,10;3,104;189230242;586884940,52;31;
2016-10-27;2,97;3,00;3,00;3,015;2,97;2,98;2,988;84738275;253187442,25;21;
2016-10-26;3,03;3,05;3,02;3,05;3,02;3,05;3,029;78158406;236773870,08;11;
2016-10-25;3,02;3,03;3,025;3,025;3,02;3,02;3,025;7810121;23625065,42;2;
2016-10-24;3,00;3,03;3,055;3,055;3,01;3,015;3,027;43610121;132016416,63;13;
2016-10-21;3,04;3,07;3,05;3,05;3,04;3,05;3,047;9710121;29584869,05;4;
2016-10-20;3,06;3,09;3,07;3,07;3,07;3,07;3,07;6111190;18761353,3;5;
2016-10-19;3,06;3,09;3,05;3,07;3,03;3,07;3,056;74000000;226140000;9;
2016-10-18;3,03;3,07;3,08;3,08;3,07;3,07;3,081;14110121;43479172,68;5;
2016-10-17;3,08;3,09;3,09;3,09;3,07;3,08;3,09;11315832;34961086,11;6;
2016-10-14;3,11;3,13;3,11;3,11;3,11;3,11;3,11;8848396;27518511,56;4;
2016-10-13;3,10;3,13;3,13;3,13;3,10;3,10;3,128;17770533;55588652,3;7;
2016-10-12;3,14;3,16;3,13;3,16;3,13;3,13;3,132;2146108;6720838,54;9;
2016-10-11;3,15;3,18;3,19;3,19;3,15;3,15;3,175;16918275;53709766,25;9;
2016-10-10;3,17;3,19;3,17;3,20;3,16;3,20;3,176;200532296;636965737,71;23;
2016-10-07;3,15;3,16;3,13;3,17;3,13;3,16;3,154;101175440;319055373,98;31;
2016-10-06;3,12;3,14;3,13;3,15;3,13;3,13;3,132;31155544;97518659,18;8;
2016-10-05;3,11;3,14;3,06;3,14;3,06;3,11;3,106;229391615;712956167,4;40;
2016-10-04;3,08;3,10;3,00;3,11;3,00;3,08;3,047;260213537;792980913,08;37;
2016-10-03;2,97;2,99;2,93;2,99;2,93;2,97;2,964;103977354;308464132,32;41;
2016-09-30;2,94;2,96;2,98;2,99;2,94;2,94;2,971;32184686;95632976,84;12;
2016-09-29;2,98;3,01;3,00;3,01;2,98;2,98;2,995;621592;1861683,45;5;
2016-09-28;2,99;3,01;3,01;3,01;2,99;3,00;3,003;53410121;160377363;7;
2016-09-27;2,99;3,02;3,01;3,01;2,98;3,00;2,996;30873121;92505204,21;11;
2016-09-26;3,01;3,05;3,08;3,08;3,04;3,04;3,067;51000000;156430000;9;
2016-09-23;3,04;3,07;3,04;3,06;3,04;3,06;3,058;1072742;3280188,1;3;
2016-09-22;3,04;3,06;3,06;3,06;3,06;3,06;3,06;5007500;15322950;2;
2016-09-21;3,03;3,06;3,05;3,06;3,03;3,03;3,057;690242;2110312,49;4;
2016-09-20;3,03;3,05;3,05;3,05;3,03;3,03;3,042;16305000;49605650;6;
2016-09-19;3,05;3,07;3,05;3,06;3,05;3,05;3,055;10180121;31099369,05;4;
2016-09-16;3,02;3,05;3,03;3,03;3,03;3,03;3,03;3681549;11155093,47;1;
2016-09-15;3,02;3,05;3,01;3,05;3,01;3,03;3,044;52018425;158323625,33;7;
2016-09-14;3,01;3,03;3,04;3,04;3,01;3,03;3,026;57900000;175187000;8;
2016-09-13;3,02;3,04;3,06;3,06;3,03;3,03;3,048;40000000;121900000;10;
2016-09-12;3,06;3,10;3,03;3,07;3,03;3,07;3,061;97630741;299288966,25;11;
2016-09-09;3,00;3,03;3,02;3,06;3,00;3,00;3,024;110350500;333704647,58;13;
2016-09-08;3,02;3,06;3,05;3,05;3,02;3,02;3,027;1375379;4163083,51;8;
2016-09-07;3,02;3,04;3,01;3,04;3,01;3,04;3,031;76754086;232612678,16;6;
2016-09-06;2,99;3,02;3,03;3,03;3,01;3,01;3,022;21577320;65197733,2;9;
2016-09-05;3,03;3,06;3,06;3,06;3,05;3,05;3,057;15110121;46186970,26;6;
2016-09-02;3,06;3,08;3,12;3,12;3,06;3,06;3,092;70712417;218634850,38;13;
2016-09-01;3,06;3,08;3,08;3,08;3,06;3,06;3,077;26850766;82628343,96;7;
2016-08-31;3,06;3,09;3,12;3,16;3,08;3,08;3,124;272760121;852129177,52;29;
2016-08-30;3,06;3,10;3,04;3,10;3,04;3,10;3,064;25365094;77719419,9;9;
2016-08-29;3,02;3,04;3,03;3,03;3,02;3,02;3,022;3452500;10434050;7;
2016-08-26;3,03;3,05;3,10;3,10;3,02;3,03;3,04;90426062;274922661,41;26;
2016-08-25;3,15;3,18;3,17;3,18;3,16;3,16;3,171;37071428;117551426,76;11;
2016-08-24;3,14;3,17;3,12;3,16;3,12;3,14;3,146;54230605;170791302,12;15;
2016-08-23;3,04;3,07;3,10;3,10;3,06;3,06;3,075;50163562;154254736,58;15;
2016-08-22;3,10;3,12;;;;3,10;;;;0;
2016-08-19;3,09;3,12;3,10;3,115;3,10;3,10;3,11;31559914;98135733,4;8;
2016-08-18;3,10;3,14;3,13;3,13;3,10;3,10;3,122;573137;1789555,59;3;
2016-08-17;3,10;3,14;3,13;3,14;3,10;3,12;3,123;130155992;406466049,88;19;
2016-08-16;3,13;3,16;3,11;3,16;3,11;3,15;3,141;156585489;491844290,35;15;
2016-08-15;3,09;3,11;3,08;3,105;3,08;3,09;3,091;11269879;34839074,9;6;
2016-08-12;3,06;3,08;3,06;3,07;3,06;3,06;3,065;17814516;54609418,96;5;
2016-08-11;3,07;3,10;3,06;3,08;3,06;3,07;3,073;7200540;22128890;4;
2016-08-10;3,06;3,09;3,08;3,09;3,06;3,09;3,089;5284758;16324852,22;5;
2016-08-09;3,06;3,10;3,08;3,10;3,06;3,10;3,075;791124;2432622,5;5;
2016-08-08;3,06;3,09;3,09;3,09;3,08;3,08;3,082;12225360;37676362,4;7;
2016-08-05;3,09;3,12;3,12;3,135;3,11;3,11;3,114;45000000;140125000;7;
2016-08-04;3,12;3,13;3,13;3,13;3,13;3,13;3,13;70000;219100;1;
2016-08-03;3,12;3,15;3,12;3,12;3,12;3,12;3,12;15110121;47143577,52;2;
2016-08-02;3,12;3,15;3,12;3,14;3,12;3,135;3,13;30174000;94446360;6;
2016-07-29;3,08;3,10;3,10;3,10;3,08;3,09;3,093;21450000;66345500;5;
2016-07-28;3,10;3,13;3,10;3,12;3,05;3,10;3,093;55432121;171442795,1;13;
2016-07-27;3,11;3,15;;;;3,12;;;;0;
2016-07-26;3,11;3,15;3,11;3,12;3,11;3,12;3,118;5957338;18577321,18;5;
2016-07-25;3,13;3,15;3,15;3,15;3,12;3,12;3,139;10810121;33930881,15;4;
2016-07-22;3,15;3,18;3,17;3,17;3,15;3,17;3,166;15666173;49597381,65;7;
2016-07-21;3,17;3,18;;;;3,18;;;;0;
2016-07-20;3,17;3,19;3,18;3,18;3,17;3,18;3,18;16930363;53835250,71;7;
2016-07-19;3,18;3,21;3,18;3,21;3,18;3,18;3,195;20731742;66236284,56;7;
2016-07-18;3,21;3,23;3,21;3,23;3,21;3,23;3,219;846986;2725192,5;5;
2016-07-15;3,21;3,22;3,22;3,22;3,21;3,21;3,22;15496167;49892996,07;5;
2016-07-14;3,19;3,22;3,20;3,21;3,19;3,19;3,207;9213130;29549627,83;6;
2016-07-13;3,18;3,21;3,12;3,20;3,12;3,20;3,16;139159153;439737843,18;16;
2016-07-12;3,09;3,12;3,05;3,10;3,05;3,09;3,087;74633832;230182281,97;13;
2016-07-11;3,02;3,05;3,03;3,04;3,025;3,04;3,03;51879725;157208562,79;7;
2016-07-08;3,01;3,04;2,99;3,02;2,99;3,02;3,016;40142379;121075713,21;7;
2016-07-07;2,99;3,02;3,00;3,00;2,99;2,99;2,992;520242;1556289,71;5;
2016-07-06;3,00;3,02;3,02;3,02;3,00;3,00;3,013;15498507;46691537,03;7;
2016-07-05;3,01;3,05;3,02;3,02;3,01;3,01;3,013;2733676;8237614,76;2;
2016-07-04;3,01;3,05;3,02;3,02;3,01;3,01;3,019;142379;429860,79;3;
2016-07-01;3,02;3,05;3,03;3,04;3,01;3,04;3,03;18213806;55050200,13;4;
2016-06-30;3,00;3,03;3,00;3,03;3,00;3,02;3,018;62263508;187877072,79;13;
2016-06-29;2,98;3,00;2,97;2,99;2,97;2,99;2,98;9494354;28288118,46;3;
2016-06-28;2,95;2,97;2,90;2,97;2,90;2,97;2,942;64344637;189291347,3;9;
2016-06-27;2,87;2,91;2,95;2,95;2,87;2,91;2,93;30452500;89220294,36;11;
2016-06-24;2,95;2,99;2,96;2,96;2,96;2,96;2,96;10000000;29600000;2;
2016-06-23;3,00;3,03;3,00;3,00;3,00;3,00;3,00;220242;660726;2;
2016-06-22;3,00;3,02;3,00;3,00;3,00;3,00;3,00;160121;480363;2;
2016-06-21;3,00;3,02;3,00;3,00;3,00;3,00;3,00;102097;306291;1;
2016-06-20;3,00;3,02;3,01;3,01;3,00;3,00;3,009;1520242;4573726;2;
2016-06-16;2,99;3,02;2,99;2,99;2,99;2,99;2,99;110121;329261,79;1;
2016-06-15;2,99;3,02;2,99;3,02;2,99;2,99;3,012;678742;2044318,58;3;
2016-06-14;2,99;3,02;2,99;2,99;2,99;2,99;2,99;4687902;14016826,98;3;
2016-06-13;2,98;3,02;2,98;2,98;2,98;2,98;2,98;8916147;26570118,06;3;
2016-06-10;2,98;3,02;2,995;3,00;2,98;2,98;2,983;4410976;13158753,48;5;
2016-06-09;2,98;3,01;3,00;3,01;2,98;2,98;2,997;7324395;21951131,82;10;
2016-06-08;2,98;3,02;3,025;3,025;3,01;3,01;3,015;15075000;45450750;6;
2016-06-07;3,01;3,04;3,00;3,02;3,00;3,01;3,02;15220242;45961827,21;6;
2016-06-06;2,98;3,00;3,00;3,02;2,98;2,98;2,997;108873509;326279822,88;16;
2016-06-03;3,01;3,05;3,08;3,09;3,01;3,01;3,05;100619574;306904641,18;16;
2016-06-02;3,09;3,12;3,08;3,10;3,08;3,10;3,099;11607500;35969308,47;7;
2016-06-01;3,08;3,12;3,08;3,12;3,08;3,08;3,082;331715;1022282,2;4;
2016-05-31;3,08;3,12;3,11;3,11;3,08;3,08;3,11;10440484;32466601,61;7;
2016-05-30;3,11;3,14;3,16;3,16;3,11;3,11;3,147;21277094;66958236,42;8;
2016-05-27;3,13;3,16;3,14;3,18;3,13;3,13;3,162;77447757;244900420,02;20;
2016-05-26;3,14;3,15;3,14;3,15;3,14;3,14;3,145;20853010;65579406,5;9;
2016-05-25;3,13;3,16;3,14;3,16;3,13;3,16;3,151;31271495;98436479,01;14;
2016-05-24;3,13;3,16;3,12;3,15;3,12;3,14;3,139;37718353;118406112,29;6;
2016-05-23;3,08;3,11;3,01;3,10;3,01;3,09;3,076;100874159;310381130,02;16;
2016-05-20;3,02;3,04;3,04;3,04;3,02;3,02;3,025;3259471;9859116,18;5;
2016-05-19;3,00;3,04;3,04;3,04;3,00;3,02;3,024;55669966;168336696,64;12;
2016-05-18;3,04;3,07;3,06;3,06;3,04;3,04;3,049;42397674;129288851,48;13;
2016-05-17;3,06;3,09;3,08;3,085;3,06;3,06;3,08;10890208;33540188,83;3;
2016-05-13;3,08;3,12;3,11;3,12;3,08;3,08;3,095;47740208;148002148,09;15;
2016-05-12;3,12;3,14;3,12;3,13;3,11;3,12;3,118;21848951;68131394,87;14;
2016-05-11;3,10;3,12;3,14;3,14;3,13;3,13;3,135;20669966;64803693,24;4;
2016-05-10;3,14;3,15;3,145;3,15;3,14;3,14;3,143;63857665;200389862,52;11;
2016-05-09;3,13;3,15;3,08;3,15;3,08;3,13;3,127;63030363;197079258,77;16;
2016-05-06;3,08;3,10;3,015;3,11;3,01;3,08;3,084;187973808;579752529,57;21;
2016-05-04;3,00;3,03;2,99;3,015;2,97;3,00;3,002;82501352;247623803,79;11;
2016-05-03;2,97;2,99;2,93;2,97;2,93;2,97;2,964;86406078;256113046,99;18;
2016-05-02;2,88;2,91;2,90;2,90;2,87;2,90;2,895;21420749;62007319,43;8;
2016-04-29;2,90;2,94;2,95;2,95;2,88;2,90;2,921;119726829;349718694,82;40;
2016-04-28;3,00;3,02;3,04;3,04;2,99;3,01;3,018;53600087;161480259,64;17;
2016-04-27;3,06;3,10;3,14;3,14;3,06;3,06;3,101;91979542;285197771,04;17;
2016-04-26;3,12;3,15;3,13;3,14;3,12;3,12;3,132;30684966;96093793,58;6;
2016-04-25;3,13;3,15;3,13;3,15;3,13;3,13;3,135;7941217;24896797,68;11;
2016-04-22;3,12;3,13;3,15;3,15;3,13;3,13;3,135;21467593;67306873,01;6;
2016-04-20;3,13;3,15;3,15;3,15;3,14;3,14;3,141;12196966;38304093,24;6;
2016-04-19;3,13;3,15;3,14;3,16;3,13;3,13;3,141;14092334;44255523,92;10;
2016-04-18;3,14;3,17;3,14;3,14;3,14;3,14;3,14;150121;471379,94;2;
2016-04-15;3,13;3,15;3,13;3,15;3,13;3,14;3,14;25674363;80618670,73;9;
2016-04-14;3,13;3,14;3,10;3,15;3,10;3,13;3,121;38443328;119970249,58;15;
2016-04-13;3,07;3,09;3,085;3,09;3,06;3,09;3,087;58428363;180392215,97;14;
2016-04-12;3,06;3,09;3,09;3,09;3,08;3,08;3,084;2201500;6788635;4;
2016-04-11;3,07;3,10;3,09;3,09;3,09;3,09;3,09;10075000;31131750;7;
2016-04-08;3,09;3,12;3,09;3,12;3,09;3,12;3,115;610121;1900273,89;2;
2016-04-07;3,09;3,12;3,12;3,12;3,09;3,12;3,111;31179947;96831331,02;9;
2016-04-06;3,10;3,11;3,15;3,15;3,08;3,08;3,093;73186452;227850616,41;15;
2016-04-05;3,13;3,17;3,15;3,17;3,10;3,13;3,133;51226922;160501184,56;26;
2016-04-04;3,16;3,17;3,17;3,17;3,16;3,165;3,168;96441937;305559672,35;14;
2016-04-01;3,16;3,18;;;;3,17;;;;0;
2016-03-31;3,15;3,18;3,18;3,18;3,17;3,17;3,171;65110121;206450184,78;8;
2016-03-30;3,18;3,19;3,19;3,19;3,18;3,19;3,19;7877629;25126950,22;8;
2016-03-29;3,17;3,19;3,17;3,17;3,17;3,17;3,17;811529;2572546,93;8;
2016-03-23;3,18;3,19;3,17;3,18;3,17;3,18;3,18;6729408;21398549,7;3;
2016-03-22;3,17;3,19;3,17;3,17;3,17;3,17;3,17;16855484;53656884,28;4;
2016-03-21;3,17;3,19;3,17;3,19;3,17;3,19;3,184;105110621;334352235,83;6;
2016-03-18;3,13;3,15;3,28;3,28;3,08;3,145;3,163;128485568;406348825,31;30;
2016-03-17;3,24;3,25;3,27;3,27;3,24;3,24;3,26;18110121;59046792,04;7;
2016-03-16;3,27;3,30;3,29;3,30;3,27;3,27;3,281;33999522;111558958,06;9;
2016-03-15;3,25;3,28;3,25;3,29;3,24;3,25;3,271;65246292;213394088,51;18;
2016-03-14;3,22;3,24;3,17;3,24;3,15;3,22;3,208;97478252;312151591,6;27;
2016-03-11;3,13;3,16;3,07;3,16;3,06;3,16;3,115;83294554;259494916,32;27;
2016-03-10;3,10;3,12;3,11;3,11;3,09;3,11;3,097;13264913;41081002,25;10;
2016-03-09;3,12;3,14;3,14;3,14;3,10;3,11;3,128;53835104;168395312,21;18;
2016-03-08;3,15;3,17;3,17;3,17;3,14;3,15;3,16;25630363;80990441,03;6;
2016-03-07;3,16;3,17;3,22;3,22;3,15;3,17;3,179;64980121;206588232,36;29;
2016-03-04;3,22;3,24;3,26;3,26;3,22;3,22;3,243;27041372;87705651,02;20;
2016-03-03;3,26;3,30;3,27;3,27;3,26;3,26;3,269;961613;3143668,06;2;
2016-03-02;3,27;3,30;3,285;3,29;3,27;3,27;3,285;11659355;38295192,06;6;
2016-03-01;3,28;3,30;3,28;3,30;3,28;3,30;3,283;27115439;88974929,92;12;
2016-02-29;3,28;3,30;3,30;3,32;3,28;3,28;3,292;45709812;150494259,32;18;
2016-02-26;3,28;3,30;3,26;3,30;3,25;3,30;3,287;36021682;118411078,58;16;
2016-02-25;3,23;3,26;3,32;3,32;3,26;3,26;3,289;79564142;261682290,6;21;
2016-02-24;3,32;3,34;3,32;3,33;3,32;3,32;3,32;10473193;34771484,63;7;
2016-02-23;3,32;3,35;3,33;3,37;3,32;3,32;3,333;32207957;107331809,55;16;
2016-02-22;3,30;3,33;3,39;3,39;3,32;3,33;3,347;56475121;189005752,93;20;
2016-02-19;3,40;3,41;3,42;3,42;3,39;3,41;3,418;9962726;34057035,98;8;
2016-02-18;3,42;3,43;3,50;3,50;3,42;3,43;3,463;78133581;270587557,54;34;
2016-02-17;3,54;3,56;3,55;3,56;3,55;3,56;3,554;52500000;186560000;4;
2016-02-16;3,55;3,59;3,53;3,59;3,53;3,55;3,558;30424697;108262174,35;9;
2016-02-15;3,50;3,52;3,52;3,52;3,50;3,50;3,516;12940484;45501694;5;
2016-02-12;3,48;3,51;3,51;3,51;3,48;3,51;3,491;887379;3097989,81;6;
2016-02-11;3,47;3,50;3,49;3,50;3,47;3,50;3,49;18983341;66247681,4;6;
2016-02-10;3,49;3,51;3,49;3,50;3,49;3,49;3,496;44819327;157059451,23;9;
2016-02-09;3,49;3,52;3,53;3,55;3,49;3,49;3,506;29436041;103210392,29;10;
2016-02-08;3,50;3,53;3,55;3,55;3,50;3,50;3,532;23821849;84136495,53;8;
2016-02-05;3,56;3,59;3,56;3,59;3,56;3,56;3,59;25292500;90792100;5;
2016-02-04;3,55;3,60;3,57;3,57;3,55;3,55;3,55;30397661;107915834,45;6;
2016-02-03;3,57;3,59;3,59;3,60;3,55;3,57;3,591;140918643;506201080,35;24;
2016-02-02;3,56;3,59;3,57;3,60;3,55;3,56;3,562;10908901;38852089,86;11;
2016-02-01;3,58;3,60;3,56;3,60;3,56;3,58;3,587;26945726;96661577,3;15;
2016-01-29;3,58;3,60;3,58;3,58;3,57;3,58;3,58;10880968;38949460,6;8;
2016-01-28;3,54;3,57;3,56;3,56;3,54;3,555;3,55;62197354;220821994,92;18;
2016-01-27;3,56;3,60;3,55;3,60;3,55;3,60;3,584;6050605;21685153,8;8;
2016-01-26;3,55;3,58;3,53;3,58;3,52;3,58;3,561;39771007;141607241,9;13;
2016-01-25;3,55;3,58;3,57;3,58;3,55;3,55;3,566;20588299;73407960,81;11;
2016-01-22;3,55;3,59;3,56;3,63;3,55;3,55;3,586;109470990;392219327,75;19;
2016-01-21;3,51;3,54;3,40;3,53;3,39;3,52;3,508;188223783;658006608,07;24;
2016-01-20;3,39;3,42;3,41;3,42;3,40;3,41;3,41;25767778;87871800,76;9;
2016-01-19;3,45;3,50;3,40;3,48;3,40;3,45;3,442;95355664;328237013,93;32;
2016-01-18;3,33;3,36;3,34;3,37;3,27;3,34;3,317;73346748;243290115,37;46;
2016-01-15;3,36;3,38;3,40;3,43;3,35;3,35;3,399;49440274;168059610,38;24;
2016-01-14;3,44;3,45;3,55;3,55;3,44;3,44;3,486;45993140;160339557,97;26;
2016-01-13;3,56;3,57;3,57;3,60;3,56;3,56;3,584;40199886;144072390,53;28;
2016-01-12;3,56;3,61;3,59;3,62;3,59;3,59;3,591;8424797;30252260,02;14;
2016-01-11;3,59;3,62;3,64;3,64;3,58;3,59;3,618;23160427;83783028,41;22;
2016-01-08;3,66;3,68;3,66;3,68;3,65;3,66;3,661;29607582;108386876,72;10;
2016-01-07;3,66;3,68;3,65;3,67;3,61;3,66;3,646;56503049;205988695,31;25;
2016-01-06;3,67;3,69;3,70;3,72;3,67;3,70;3,686;80151380;295438364,34;21;
2016-01-05;3,69;3,70;3,69;3,73;3,65;3,70;3,697;96566428;356955621,01;36;
2016-01-04;3,69;3,70;3,65;3,69;3,60;3,69;3,651;148323546;539843704,65;25;
2015-12-30;3,62;3,64;3,61;3,64;3,61;3,62;3,624;31741734;112511292,86;14;
2015-12-29;3,61;3,64;3,62;3,64;3,60;3,625;3,622;45556004;165001206,34;18;
2015-12-28;3,60;3,65;3,60;3,63;3,58;3,62;3,617;25805887;93347566,99;11;
2015-12-23;3,58;3,61;3,52;3,61;3,52;3,60;3,573;159692123;570753362,53;44;
2015-12-22;3,50;3,52;3,47;3,52;3,47;3,52;3,514;10980726;38585580,72;11;
2015-12-21;3,48;3,52;3,47;3,50;3,47;3,48;3,481;7841969;23473458,5;21;
2015-12-18;3,47;3,50;3,48;3,50;3,47;3,47;3,49;12983341;45305681,4;7;
2015-12-17;3,46;3,49;3,43;3,50;3,43;3,48;3,46;62601762;216693480,68;17;
2015-12-16;3,43;3,45;3,43;3,45;3,43;3,43;3,444;1857964;6399115,8;8;
2015-12-15;3,42;3,45;3,41;3,42;3,41;3,42;3,419;765324;2616306,87;6;
2015-12-14;3,41;3,46;3,43;3,45;3,41;3,45;3,437;45802500;157442827,42;14;
2015-12-11;3,41;3,43;3,39;3,41;3,39;3,41;3,40;26340663;89557523,96;13;
2015-12-10;3,38;3,43;3,38;3,40;3,38;3,40;3,40;27990766;95166991,5;3;
2015-12-09;3,39;3,40;3,40;3,42;3,39;3,39;3,395;2557452;8681827;9;
2015-12-08;3,39;3,40;3,40;3,41;3,39;3,39;3,393;6316563;21430152,2;9;
2015-12-07;3,40;3,43;3,40;3,41;3,40;3,41;3,41;6339361;21615572,03;8;
2015-12-04;3,41;3,43;3,41;3,41;3,40;3,41;3,409;1519841;5180330,36;7;
2015-12-03;3,40;3,42;3,43;3,43;3,40;3,40;3,405;1775363;6045734,2;6;
2015-12-02;3,41;3,44;3,40;3,42;3,40;3,41;3,418;9301283;31792242,45;18;
2015-12-01;3,40;3,42;3,40;3,41;3,39;3,40;3,405;23706461;80724143,48;26;
2015-11-30;3,39;3,40;3,40;3,44;3,40;3,40;3,408;7377276;25142745,91;17;
2015-11-27;3,40;3,42;3,45;3,45;3,40;3,40;3,428;26973906;92451956,41;19;
2015-11-26;3,41;3,45;3,47;3,47;3,45;3,45;3,458;49403474;170585020,04;14;
2015-11-25;3,47;3,50;3,51;3,53;3,47;3,47;3,501;23736895;83092025,65;13;
2015-11-24;3,51;3,52;3,52;3,52;3,51;3,51;3,511;4935508;17327839,29;16;
2015-11-23;3,52;3,53;3,53;3,56;3,51;3,52;3,529;13197379;46566399,08;14;
2015-11-20;3,50;3,52;3,49;3,52;3,49;3,50;3,509;8353911;29309682,45;11;
2015-11-19;3,49;3,52;3,50;3,52;3,49;3,49;3,506;16098287;56445832,8;11;
2015-11-18;3,47;3,52;3,47;3,50;3,47;3,47;3,476;675745;2347738,37;7;
2015-11-17;3,47;3,50;3,51;3,51;3,47;3,485;3,506;28188129;98837595,9;23;
2015-11-16;3,52;3,54;3,54;3,54;3,52;3,52;3,521;3435282;12095362,8;16;
2015-11-13;3,54;3,57;3,52;3,55;3,50;3,54;3,532;32444458;114596870,29;14;
2015-11-12;3,48;3,53;3,49;3,50;3,45;3,48;3,496;30184622;105542991,62;19;
2015-11-11;3,49;3,53;3,59;3,59;3,49;3,49;3,526;53065091;187086757,59;26;
2015-11-10;3,56;3,59;3,58;3,58;3,56;3,57;3,578;8512218;30453406,97;12;
2015-11-09;3,56;3,58;3,56;3,58;3,55;3,56;3,576;31585605;112951708,64;12;
2015-11-06;3,55;3,58;3,55;3,58;3,54;3,56;3,561;18229355;64909017,91;11;
2015-11-05;3,55;3,57;3,57;3,59;3,54;3,55;3,56;72622189;258510198,13;23;
2015-11-04;3,54;3,57;3,62;3,63;3,53;3,53;3,586;124401781;446139951,1;32;
2015-11-03;3,63;3,66;3,65;3,67;3,63;3,66;3,658;5892986;21549131,43;18;
2015-11-02;3,65;3,67;3,64;3,67;3,64;3,65;3,664;15062430;55189824,94;25;
2015-10-30;3,61;3,66;3,58;3,66;3,58;3,64;3,622;132226756;478858830,44;47;
2015-10-29;3,58;3,60;3,55;3,60;3,55;3,58;3,584;49717056;178191199,34;35;
2015-10-28;3,57;3,59;3,64;3,64;3,57;3,57;3,611;33737964;121830307,87;34;
2015-10-27;3,63;3,64;3,63;3,65;3,63;3,63;3,632;3378266;12270725,58;12;
2015-10-26;3,64;3,67;3,66;3,68;3,64;3,64;3,665;13608781;49878182,6;25;
2015-10-23;3,64;3,66;3,68;3,68;3,63;3,64;3,66;26568800;96808872,98;21;
2015-10-22;3,65;3,68;3,70;3,72;3,64;3,65;3,679;73423387;270134095,12;26;
2015-10-21;3,69;3,72;3,73;3,73;3,69;3,69;3,703;135354857;500431798,28;44;
2015-10-20;3,70;3,73;3,67;3,73;3,61;3,70;3,672;125370157;460275268,81;87;
2015-10-19;3,66;3,67;3,53;3,69;3,53;3,66;3,638;271239519;980470534,83;99;
2015-10-16;3,50;3,52;3,49;3,50;3,46;3,50;3,496;464928975;1627026683,98;55;
2015-10-15;3,48;3,50;3,46;3,55;3,46;3,49;3,497;178103340;622490360,48;159;
